Rk,Player,Pos,Age,Tm,G,GS,MP,FG,FGA,FG%,3P,3PA,3P%,2P,2PA,2P%,eFG%,FT,FTA,FT%,ORB,DRB,TRB,AST,STL,BLK,TOV,PF,PTS
1,Kareem Abdul-Jabbar*\abdulka01,C,35,LAL,79,79,32.3,9.1,15.5,0.588,0,0,0,9.1,15.5,0.589,0.588,3.5,4.7,0.749,2.1,5.4,7.5,2.5,0.8,2.2,2.5,2.8,21.8
2,Alvan Adams\adamsal01,C,28,PHO,80,75,30.6,6,12.3,0.486,0,0,0.333,6,12.2,0.487,0.487,2.3,2.7,0.829,2,4.8,6.9,4.7,1.4,0.9,3,3.6,14.2
3,Mark Aguirre\aguirma01,SF,23,DAL,81,75,34.4,9.5,19.6,0.483,0.2,0.9,0.211,9.3,18.7,0.496,0.488,5.3,7.3,0.728,2.4,3.9,6.3,4.1,1,0.3,3.2,3,24.4
4,Danny Ainge\aingeda01,SG,23,BOS,80,76,25.6,4.5,9,0.496,0.1,0.4,0.172,4.4,8.6,0.509,0.499,0.9,1.2,0.742,1,1.6,2.7,3.1,1.4,0.1,1.2,3.2,9.9
5,Dwight Anderson\anderdw01,PG,22,DEN,5,0,6.6,1.4,2.8,0.5,0,0,,1.4,2.8,0.5,0.5,1.4,2,0.7,0,0.4,0.4,0.6,0.2,0,1,1.4,4.2
6,J.J. Anderson\anderjj01,SF,22,TOT,65,2,18.5,2.9,5.8,0.501,0,0.1,0,2.9,5.8,0.507,0.501,1.5,2.7,0.571,1.8,2.7,4.5,1,1,0.3,1.2,2.4,7.4
6,J.J. Anderson\anderjj01,SF,22,PHI,13,0,3.7,0.6,1.7,0.364,0,0.1,0,0.6,1.6,0.381,0.364,0.1,0.2,0.333,0.3,0.6,0.9,0.1,0.1,0,0.4,0.5,1.3
6,J.J. Anderson\anderjj01,SF,22,UTA,52,2,22.2,3.5,6.9,0.51,0,0.1,0,3.5,6.8,0.514,0.51,1.9,3.3,0.576,2.2,3.2,5.4,1.3,1.2,0.4,1.4,2.8,8.9
7,Richard Anderson\anderri01,C,22,SDC,78,5,16.3,2.2,5.5,0.404,0.1,0.2,0.368,2.1,5.3,0.405,0.412,0.6,0.9,0.696,1.4,2.1,3.5,1.5,0.7,0.3,1.2,2.2,5.2
8,Tiny Archibald*\architi01,PG,34,BOS,66,19,27.4,3.6,8.4,0.425,0.1,0.4,0.208,3.5,8,0.435,0.429,3.3,4.5,0.743,0.4,1,1.4,6.2,0.6,0.1,2.5,1.7,10.5
9,John Bagley\baglejo01,PG,22,CLE,68,3,14.6,2.4,5.5,0.432,0,0.2,0,2.4,5.3,0.448,0.432,0.9,1.2,0.762,0.3,1.2,1.4,2.5,0.8,0.1,1.7,1.1,5.7
10,James Bailey\baileja01,PF,25,TOT,75,39,23.5,5.1,10.3,0.497,0,0,0,5.1,10.3,0.498,0.497,3,4.3,0.702,2.3,4,6.3,0.9,0.6,0.8,2.6,3.6,13.3
10,James Bailey\baileja01,PF,25,NJN,6,0,8.3,1.5,3,0.5,0,0,,1.5,3,0.5,0.5,0.3,0.3,1,0.5,0.5,1,0.3,0.2,0.2,1,2.5,3.3
10,James Bailey\baileja01,PF,25,HOU,69,39,24.9,5.4,11,0.497,0,0,0,5.4,10.9,0.498,0.497,3.2,4.6,0.7,2.4,4.3,6.8,0.9,0.6,0.9,2.8,3.7,14.1
11,Greg Ballard\ballagr01,SF,28,WSB,78,78,36.4,7.7,16.3,0.473,0.2,0.5,0.351,7.6,15.9,0.477,0.478,2.3,3,0.781,1.6,4.9,6.5,3.4,1.7,0.3,2,2.3,18
12,Gene Banks\banksge01,PF,23,SAS,81,81,33.6,6.2,11.3,0.55,0,0.1,0,6.2,11.3,0.553,0.55,2.4,3.4,0.705,2.7,4.8,7.6,3.4,1,0.3,2.1,2.8,14.9
13,Billy Ray Bates\batesbi01,SG,26,TOT,19,3,16,2.9,7.6,0.379,0.1,0.3,0.4,2.8,7.4,0.379,0.386,0.6,1.2,0.5,0.6,0.4,1,0.7,0.7,0.2,0.6,1,6.5
13,Billy Ray Bates\batesbi01,SG,26,WSB,15,3,18.5,3.5,8.6,0.411,0.1,0.3,0.4,3.4,8.3,0.411,0.419,0.7,1.3,0.5,0.7,0.5,1.2,0.9,0.9,0.2,0.8,1.2,7.9
13,Billy Ray Bates\batesbi01,SG,26,LAL,4,0,6.8,0.5,4,0.125,0,0,,0.5,4,0.125,0.125,0.3,0.5,0.5,0.3,0,0.3,0,0.3,0,0,0.3,1.3
14,Dave Batton\battoda01,C,26,WSB,54,5,10.3,1.6,3.5,0.445,0,0.1,0,1.6,3.5,0.452,0.445,0.1,0.3,0.471,0.8,1.4,2.2,0.5,0.3,0.2,0.5,1,3.3
15,Kent Benson\bensoke01,C,28,DET,21,15,28.5,4,8.7,0.467,0,0,0,4,8.6,0.47,0.467,1.8,2.4,0.76,2.5,4.9,7.4,2.3,0.7,0.8,1.7,2.9,9.9
16,Larry Bird*\birdla01,PF,26,BOS,79,79,37.7,9.5,18.7,0.504,0.3,1,0.286,9.2,17.8,0.516,0.512,4.4,5.3,0.84,2.4,8.6,11,5.8,1.9,0.9,3,2.5,23.6
17,Otis Birdsong\birdsot01,SG,27,NJN,62,54,30.4,6.9,13.5,0.511,0,0.1,0.333,6.8,13.4,0.512,0.512,1.3,2.3,0.566,0.9,1.6,2.4,3.9,1.4,0.3,1.8,2.5,15.1
18,Rolando Blackman\blackro01,SG,23,DAL,75,62,31.3,6.8,13.9,0.492,0,0.2,0.2,6.8,13.7,0.497,0.494,4,5.1,0.78,1.4,2.5,3.9,2.5,0.5,0.4,1.6,1.5,17.7
19,Charles Bradley\bradlch01,SG,23,BOS,51,5,10.4,1.4,3.5,0.392,0,0.1,0,1.4,3.4,0.399,0.392,0.9,1.8,0.511,0.6,0.9,1.5,0.5,0.6,0.5,0.8,1.6,3.6
20,Dudley Bradley\bradldu01,SG,25,CHI,58,11,11.8,1.4,2.7,0.516,0,0.1,0.2,1.4,2.7,0.526,0.519,0.6,0.8,0.8,0.5,1.3,1.8,1.8,0.8,0.2,1,1.6,3.5
21,Brad Branson\bransbr01,PF,24,IND,62,2,11,2.1,5,0.425,0,0,0,2.1,5,0.427,0.425,1.2,1.7,0.704,1.2,1.6,2.8,0.7,0.4,0.4,0.7,1.3,5.5
22,Mike Bratz\bratzmi01,PG,27,CHI,15,0,9.3,0.9,2.8,0.333,0.1,0.5,0.125,0.9,2.3,0.382,0.345,0.7,0.9,0.769,0.2,1.1,1.3,1.5,0.5,0,0.9,1.3,2.6
23,Ron Brewer\brewero01,SG,27,TOT,74,52,26.5,4.6,10.9,0.426,0.1,0.2,0.389,4.6,10.7,0.427,0.431,1.9,2.3,0.835,0.8,1.1,1.9,1.3,1.2,0.3,1.3,1.7,11.3
23,Ron Brewer\brewero01,SG,27,CLE,21,18,26.8,4.7,11.7,0.4,0,0.1,0,4.7,11.5,0.405,0.4,2.1,2.4,0.863,0.4,1.3,1.8,1.3,1,0.3,1.2,1.3,11.4
23,Ron Brewer\brewero01,SG,27,GSW,53,34,26.4,4.6,10.6,0.438,0.1,0.3,0.467,4.5,10.3,0.437,0.444,1.8,2.2,0.824,0.9,1.1,2,1.3,1.3,0.4,1.4,1.8,11.3
24,Junior Bridgeman\bridgju01,SF,29,MIL,70,5,26.5,6,12.2,0.492,0,0.2,0.077,6,12,0.498,0.492,2.3,2.8,0.837,0.6,2.9,3.5,3,0.6,0.1,1.7,2.2,14.4
25,Allan Bristow\bristal01,SF,31,DAL,37,0,10,1.2,2.7,0.444,0.2,0.4,0.462,1,2.3,0.442,0.475,0.3,0.4,0.714,0.6,0.9,1.6,1.9,0.2,0,0.8,1.2,2.8
26,Jim Brogan\brogaji01,SG,24,SDC,58,0,8,1.6,3.7,0.427,0.1,0.2,0.231,1.5,3.4,0.44,0.434,0.6,0.7,0.791,0.6,0.5,1.1,1.1,0.4,0.2,0.7,1.4,3.8
27,Michael Brooks\brookmi01,SF,24,SDC,82,26,30,4.9,10.1,0.484,0.1,0.2,0.333,4.8,9.9,0.487,0.487,2.4,3.4,0.697,2.9,3.4,6.4,3.2,1.4,0.5,2.2,3.6,12.2
28,Fred Brown\brownfr01,PG,34,SEA,80,1,17.9,4.6,8.9,0.52,0.2,0.4,0.438,4.5,8.5,0.523,0.529,0.7,0.9,0.806,0.4,0.8,1.2,3,0.7,0.2,1.4,1.2,10.2
29,Rickey Brown\brownri01,C,24,TOT,76,7,13.8,2.2,4.6,0.479,0,0,0,2.2,4.6,0.483,0.479,0.9,1.4,0.619,1.2,2.3,3.5,0.3,0.2,0.3,1.1,2.3,5.3
29,Rickey Brown\brownri01,C,24,GSW,50,7,14.9,2.4,4.9,0.482,0,0,0,2.4,4.9,0.486,0.482,0.8,1.3,0.615,1.1,2.4,3.6,0.3,0.2,0.4,1.2,2.5,5.5
29,Rickey Brown\brownri01,C,24,ATL,26,0,11.7,1.9,4,0.471,0,0,0,1.9,4,0.476,0.471,1,1.5,0.625,1.3,2,3.4,0.3,0.2,0.2,0.8,1.8,4.7
30,Joe Bryant\bryanjo01,SF,28,HOU,81,56,25.4,4.2,9.5,0.448,0.1,0.4,0.222,4.1,9,0.459,0.453,1.4,2,0.703,1.1,2.3,3.4,2.3,1,0.4,2.2,3.2,10
31,Quinn Buckner\bucknqu01,SG,28,BOS,72,56,21.7,3.4,7.8,0.442,0,0.1,0,3.4,7.7,0.445,0.442,1,1.6,0.632,0.9,1.7,2.6,3.8,1.5,0.1,2.2,2.7,7.9
32,Don Buse\busedo01,PG,32,POR,41,1,15.7,1.8,4.4,0.396,0.2,0.9,0.257,1.5,3.6,0.429,0.42,1,1.1,0.891,0.5,0.9,1.3,2.8,1.1,0,0.6,1.5,4.7
33,Marty Byrnes\byrnema01,SF,26,IND,80,12,18,2,4.7,0.42,0.1,0.3,0.231,1.9,4.4,0.434,0.428,0.9,1.2,0.747,0.9,1.5,2.4,2.2,0.5,0.1,0.9,1.9,4.9
34,Kenny Carr\carrke01,PF,27,POR,82,26,28.4,4.4,8.7,0.505,0,0.1,0.333,4.4,8.7,0.506,0.506,3.1,4.5,0.697,2.2,5,7.2,1.4,0.8,0.5,2.3,3.7,12
35,M.L. Carr\carrml01,SF,32,BOS,77,0,11.5,1.8,4.1,0.429,0,0.2,0.158,1.7,3.8,0.446,0.433,0.8,1.1,0.741,0.7,1.1,1.8,0.9,0.6,0.1,1,1.8,4.3
36,Joe Barry Carroll\carrojo01,C,24,GSW,79,79,37.8,9.9,19.4,0.513,0,0,0,9.9,19.3,0.514,0.513,4.3,5.9,0.719,2.8,5.9,8.7,2.1,1.4,2,3.6,3.3,24.1
37,Butch Carter\cartebu01,SG,24,IND,81,28,21.2,4.4,8.7,0.501,0.2,0.6,0.333,4.2,8.1,0.515,0.513,1.5,1.9,0.805,0.8,1.1,1.9,2.4,1,0.2,1.5,2.6,10.5
38,Bill Cartwright\cartwbi01,C,25,NYK,82,82,30.1,5.5,9.8,0.566,0,0,,5.5,9.8,0.566,0.566,4.6,6.2,0.744,2.3,4.9,7.2,1.7,0.5,1.5,2.5,3.8,15.7
39,Harvey Catchings\catchha01,C,31,MIL,74,33,21,1.2,2.7,0.457,0,0,,1.2,2.7,0.457,0.457,0.8,1.2,0.674,1.8,3.7,5.5,1,0.4,2,1.1,3,3.3
40,Tom Chambers\chambto01,PF,23,SDC,79,79,33.7,6.6,13.9,0.472,0,0.1,0,6.6,13.8,0.476,0.472,4.5,6.2,0.723,2.8,3.8,6.6,2.4,1,0.7,3,4.2,17.6
41,Maurice Cheeks*\cheekma01,PG,26,PHI,79,79,31.2,5.1,9.4,0.542,0,0.1,0.167,5.1,9.4,0.545,0.543,2.3,3,0.754,0.7,2,2.6,6.9,2.3,0.4,2.3,2.3,12.5
42,Don Collins\collido02,SF,24,WSB,65,21,24.2,5.1,9.8,0.523,0,0.1,0,5.1,9.7,0.528,0.523,1.6,2.1,0.743,1.8,1.4,3.2,2,1.3,0.5,2.2,2.6,11.8
43,Lester Conner\connele01,PG,23,GSW,75,10,18.9,1.9,4,0.479,0,0.1,0,1.9,4,0.485,0.479,1.1,1.5,0.699,0.9,2,2.9,3.4,1.5,0.1,1.3,1.9,4.9
44,Darwin Cook\cookda01,PG,24,NJN,82,47,32,5.4,12,0.449,0.1,0.5,0.211,5.3,11.6,0.459,0.453,2.3,3,0.769,0.9,2,2.9,5.5,2.4,0.6,2.9,2.6,13.2
45,Jeff Cook\cookje01,PF,26,TOT,75,22,17.8,2,4.1,0.487,0,0,0,2,4,0.492,0.487,1.1,1.4,0.76,1.6,2.9,4.5,1.4,0.5,0.4,1.4,2.4,5
45,Jeff Cook\cookje01,PF,26,PHO,45,2,12.2,1.4,3.2,0.43,0,0,0,1.4,3.1,0.436,0.43,0.9,1.2,0.759,1,1.9,2.9,1.3,0.3,0.3,1.2,2,3.6
45,Jeff Cook\cookje01,PF,26,CLE,30,20,26.1,2.9,5.4,0.537,0,0,0,2.9,5.4,0.54,0.537,1.3,1.7,0.76,2.5,4.4,6.9,1.5,0.9,0.6,1.6,3.1,7.1
46,Joe Cooper\coopejo01,C,25,TOT,20,4,16.7,1.9,3.6,0.514,0,0,,1.9,3.6,0.514,0.514,0.8,1.5,0.552,2.1,2.2,4.3,0.9,0.5,1,1.6,2.5,4.5
46,Joe Cooper\coopejo01,C,25,LAL,2,0,5.5,0.5,2,0.25,0,0,,0.5,2,0.25,0.25,0,0,,1,0,1,0,0.5,0.5,1.5,1.5,1
46,Joe Cooper\coopejo01,C,25,WSB,5,0,9.4,1,1.8,0.556,0,0,,1,1.8,0.556,0.556,1,1.8,0.556,0.8,1.8,2.6,0.4,0,0,1.2,1.4,3
46,Joe Cooper\coopejo01,C,25,SDC,13,4,21.2,2.4,4.5,0.525,0,0,,2.4,4.5,0.525,0.525,0.8,1.5,0.55,2.8,2.7,5.5,1.2,0.6,1.5,1.8,3,5.6
47,Michael Cooper\coopemi01,SG,26,LAL,82,3,26.2,3.2,6.1,0.535,0.1,0.3,0.238,3.2,5.8,0.548,0.54,1.2,1.6,0.785,1,2.3,3.3,3.8,1.4,0.6,1.6,2.5,7.8
48,Wayne Cooper\coopewa01,C,26,POR,80,60,26.2,4,9,0.443,0,0.1,0,4,9,0.446,0.443,1.7,2.5,0.685,2.7,5,7.6,1.5,0.3,1.7,2,4,9.7
49,Dave Corzine\corzida01,C,26,CHI,82,71,30.4,5.6,11.2,0.497,0,0,0,5.6,11.2,0.498,0.497,2.8,3.9,0.72,3,5.8,8.7,1.9,0.6,1.3,2.8,3,14
50,Dave Cowens*\cowenda01,PF,34,MIL,40,34,25.4,3.4,7.7,0.444,0,0.1,0,3.4,7.6,0.447,0.444,1.3,1.6,0.825,1.8,5,6.9,2.1,0.8,0.4,1.1,3.4,8.1
51,Chubby Cox\coxch01,SG,27,WSB,7,0,11.1,1.9,5.3,0.351,0,0.3,0,1.9,5,0.371,0.351,0.4,0.9,0.5,1,0.4,1.4,0.9,0,0.1,1.3,2.3,4.1
52,Charlie Criss\crissch01,PG,34,MIL,66,0,14,2.6,5.7,0.451,0.1,0.5,0.194,2.5,5.2,0.474,0.459,1,1.2,0.895,0.2,1,1.2,1.9,0.4,0,0.7,0.7,6.2
53,Geoff Crompton\crompge01,C,27,SAS,14,0,10.6,1,2.4,0.412,0,0,,1,2.4,0.412,0.412,0.2,0.4,0.6,1.3,2.1,3.4,0.5,0.2,0.4,0.4,1.8,2.2
54,Pat Cummings\cummipa01,C,26,DAL,81,71,28.6,5.3,10.8,0.493,0,0,0,5.3,10.8,0.494,0.493,1.8,2.4,0.755,2.8,5.5,8.2,1.8,0.7,0.4,2,3.7,12.5
55,Terry Cummings\cummite01,PF,21,SDC,70,69,36.2,9.8,18.7,0.523,0,0,0,9.8,18.7,0.523,0.523,4.2,5.9,0.709,4.3,6.3,10.6,2.5,1.8,0.9,2.9,4.2,23.7
56,Earl Cureton\curetea01,C,25,PHI,73,3,13.5,1.5,3.5,0.419,0,0,,1.5,3.5,0.419,0.419,0.5,0.9,0.493,1.2,2.5,3.7,0.6,0.5,0.3,1,2,3.4
57,Quintin Dailey\dailequ01,SG,22,CHI,76,32,27.4,6.2,13.3,0.466,0.1,0.3,0.2,6.1,12.9,0.473,0.469,2.7,3.7,0.73,1.1,2.3,3.4,3.7,0.9,0.1,2.7,3.3,15.1
58,Adrian Dantley*\dantlad01,SF,27,UTA,22,22,40.3,10.6,18.3,0.58,0,0,,10.6,18.3,0.58,0.58,9.5,11.3,0.847,2.6,3.7,6.4,4.8,0.9,0,3.7,2.8,30.7
59,Brad Davis\davisbr01,PG,27,DAL,79,78,29.4,4.5,7.9,0.572,0.1,0.5,0.256,4.4,7.4,0.595,0.58,2.4,2.8,0.845,0.4,2.1,2.5,7.2,1,0.1,1.8,2.2,11.6
60,Charles Davis\davisch02,SF,24,WSB,74,10,15.7,3.4,7.2,0.47,0,0.1,0.2,3.4,7.1,0.475,0.472,0.8,1.2,0.629,1.1,1.8,2.9,1,0.4,0.3,1.2,1.6,7.6
61,Johnny Davis\davisjo01,SG,27,ATL,53,33,27.6,4.9,10.7,0.455,0.1,0.3,0.278,4.8,10.4,0.461,0.459,3.1,3.9,0.796,0.7,1.7,2.4,5.9,0.8,0.1,2.2,1.9,12.9
62,Mike Davis\davismi03,PF,26,NYK,8,0,3.5,0.5,1.3,0.4,0,0,,0.5,1.3,0.4,0.4,0.8,1.3,0.6,0.4,0.9,1.3,0,0,0.5,0,0.5,1.8
63,Walter Davis\daviswa03,SG,28,PHO,80,79,31.1,8.3,16.1,0.516,0.1,0.3,0.304,8.2,15.8,0.52,0.519,2.3,2.8,0.818,0.8,1.7,2.5,5,1.5,0.2,2.4,2.3,19
64,Darryl Dawkins\dawkida01,C,26,NJN,81,81,25.8,5,8.3,0.599,0,0,,5,8.3,0.599,0.599,2,3.2,0.646,1.6,3.6,5.2,1.4,0.8,1.9,3.5,4.7,12
65,Kenny Dennard\dennake01,PF,24,KCK,22,0,10.2,0.5,1.5,0.324,0,0,,0.5,1.5,0.324,0.324,0.3,0.4,0.667,0.9,1.5,2.4,0.3,0.7,0,0.2,1.2,1.3
66,Coby Dietrick\dietrco01,C,34,SAS,8,0,4.3,0.1,0.6,0.2,0,0,,0.1,0.6,0.2,0.2,0,0.3,0,0.3,0.8,1,0.8,0.1,0,0.1,0.8,0.3
67,James Donaldson\donalja01,C,25,SEA,82,11,21.8,3.5,6,0.583,0,0,,3.5,6,0.583,0.583,1.8,2.7,0.688,1.6,4.5,6.1,1.2,0.2,1.2,1.6,2.1,8.9
68,John Douglas\dougljo01,SG,26,SDC,3,1,4,0.3,2,0.167,0.3,0.7,0.5,0,1.3,0,0.25,0.7,0.7,1,0,0.3,0.3,0.3,0,0,0,0,1.7
69,Leon Douglas\douglle01,C,28,KCK,5,0,9.2,0.4,0.6,0.667,0,0,,0.4,0.6,0.667,0.667,0,0.4,0,0.6,0.8,1.4,0,0,0.6,0.2,2.6,0.8
70,John Drew\drewjo01,SF,28,UTA,44,33,27.4,7.2,15.3,0.474,0,0.1,0,7.2,15.1,0.477,0.474,6.7,8.9,0.755,2.2,3.1,5.3,2.2,0.8,0.2,3.1,3.5,21.2
71,Larry Drew\drewla01,PG,24,KCK,75,74,35.9,8,16.2,0.492,0,0.2,0.125,8,16,0.497,0.493,4.1,5,0.82,0.6,2.2,2.8,8.1,1.7,0.1,3.6,2.8,20.1
72,Terry Duerod\duerote01,SG,26,GSW,5,0,9.8,1.8,3.8,0.474,0,0,,1.8,3.8,0.474,0.474,0,0,,0,0.6,0.6,1,0.4,0.2,1.8,1,3.6
73,Mike Dunleavy\dunlemi01,PG,28,SAS,79,9,20.5,2.7,6.5,0.418,0.8,2.5,0.345,1.8,4,0.462,0.483,1.5,1.9,0.779,0.2,1.5,1.7,5.5,0.9,0.1,2,2.7,7.8
74,T.R. Dunn\dunntr01,SG,27,DEN,82,80,32.2,3.1,6.4,0.482,0,0,0,3.1,6.4,0.483,0.482,1.5,2,0.73,2.8,4.7,7.5,2.3,1.8,0.3,1.4,2.7,7.6
75,John Duren\durenjo01,PG,24,IND,82,24,17.5,2,4.4,0.453,0,0.2,0,2,4.2,0.47,0.453,0.5,0.7,0.796,0.5,0.8,1.3,2.4,0.8,0.1,1.2,2.5,4.5
76,Mark Eaton\eatonma01,C,26,UTA,81,32,18.9,1.8,4.4,0.414,0,0,0,1.8,4.3,0.415,0.414,0.7,1.1,0.656,1.1,4.6,5.7,1.4,0.3,3.4,1.7,3.2,4.3
77,Jerry Eaves\eavesje01,PG,23,UTA,82,7,19.4,3.4,7,0.487,0,0.1,0.125,3.4,6.9,0.492,0.488,2.4,3,0.81,0.4,1.1,1.5,2.6,0.6,0,1.9,1.4,9.3
78,Keith Edmonson\edmonke01,SG,22,ATL,32,2,9.7,1.5,4.3,0.345,0,0.1,0,1.5,4.3,0.35,0.345,0.5,0.8,0.593,0.6,0.6,1.2,0.7,0.3,0.2,0.6,1.3,3.5
79,Franklin Edwards\edwarfr01,PG,23,PHI,81,3,15.6,2.8,6,0.472,0,0.1,0,2.8,5.9,0.48,0.472,1.1,1.4,0.761,0.3,0.8,1,2.7,1,0.1,1.4,1.5,6.7
80,James Edwards\edwarja01,C,27,TOT,31,9,21.5,4.1,8.5,0.487,0,0,,4.1,8.5,0.487,0.487,2.2,3.5,0.639,1.8,3.2,5,1.3,0.4,0.6,1.6,3.5,10.5
80,James Edwards\edwarja01,C,27,CLE,15,8,25.5,4.9,10,0.487,0,0,,4.9,10,0.487,0.487,2.5,4.1,0.623,2.5,3.9,6.4,0.9,0.5,0.9,2,4.1,12.3
80,James Edwards\edwarja01,C,27,PHO,16,1,17.8,3.4,7.1,0.487,0,0,,3.4,7.1,0.487,0.487,1.9,2.9,0.66,1.2,2.5,3.7,1.7,0.3,0.3,1.2,3.1,8.8
81,Len Elmore\elmorle01,C,30,NJN,74,0,13.2,1.3,3.3,0.398,0,0,0,1.3,3.3,0.399,0.398,0.7,1.1,0.643,1.1,2.1,3.2,0.5,0.6,0.5,1.1,1.7,3.4
82,Chris Engler\englech01,C,23,GSW,54,1,6.8,0.7,1.7,0.404,0,0,,0.7,1.7,0.404,0.404,0.1,0.3,0.313,0.8,1.1,1.9,0.2,0.1,0.3,0.4,1.8,1.5
83,Alex English*\englial01,SF,29,DEN,82,82,36.4,11.7,22.6,0.516,0,0.1,0.167,11.7,22.5,0.519,0.517,5,6,0.829,3.2,4.1,7.3,4.8,1.4,1.5,3.2,2.9,28.4
84,Julius Erving*\ervinju01,SF,32,PHI,72,72,33.6,8.4,16.3,0.517,0,0.1,0.286,8.4,16.2,0.518,0.518,4.6,6,0.759,2.4,4.4,6.8,3.7,1.6,1.8,2.7,2.8,21.4
85,Mike Evans\evansmi01,SG,27,DEN,42,5,16.5,2.7,5.8,0.473,0,0.2,0,2.7,5.6,0.491,0.473,0.8,1,0.805,0.1,1.3,1.4,2.7,0.5,0.1,1.7,2.2,6.3
86,Bruce Flowers\flowebr01,PF,25,CLE,53,5,13.2,2.1,3.9,0.534,0,0,0,2.1,3.8,0.539,0.534,0.8,1,0.774,1.3,2.1,3.4,0.9,0.4,0.2,0.8,1.9,4.9
87,Sleepy Floyd\floydsl01,PG,22,TOT,76,17,16.4,3,6.9,0.429,0.1,0.3,0.4,2.8,6.6,0.43,0.438,2,2.4,0.833,0.7,1.1,1.8,1.8,0.8,0.2,1.4,1.8,8.1
87,Sleepy Floyd\floydsl01,PG,22,NJN,43,6,11.5,2.1,5,0.426,0.1,0.3,0.286,2,4.7,0.436,0.435,0.9,1,0.844,0.4,0.6,1,1.6,0.4,0.2,0.9,1.3,5.3
87,Sleepy Floyd\floydsl01,PG,22,GSW,33,11,22.8,4.1,9.4,0.431,0.2,0.3,0.545,3.9,9.1,0.427,0.441,3.4,4.1,0.83,1.2,1.7,2.9,2.2,1.2,0.2,2,2.4,11.7
88,Phil Ford\fordph01,PG,26,TOT,77,63,20.9,2.8,5.8,0.479,0,0.1,0.111,2.8,5.7,0.486,0.48,1.3,1.6,0.789,0.2,1.1,1.3,3.8,0.7,0,1.7,2.5,6.8
88,Phil Ford\fordph01,PG,26,NJN,7,7,23.3,2.9,5,0.571,0,0.1,0,2.9,4.9,0.588,0.571,1,1.4,0.7,0,1,1,5.4,0.9,0,3,3.1,6.7
88,Phil Ford\fordph01,PG,26,MIL,70,56,20.7,2.8,5.9,0.471,0,0.1,0.125,2.7,5.7,0.478,0.472,1.3,1.6,0.796,0.3,1.1,1.4,3.6,0.7,0,1.6,2.4,6.8
89,World B. Free\freewo01,SG,29,TOT,73,69,36.1,8.9,19.5,0.456,0.2,0.6,0.333,8.7,18.9,0.46,0.461,5.9,8,0.738,1.3,1.5,2.8,4,1.3,0.2,2.9,3.3,23.9
89,World B. Free\freewo01,SG,29,GSW,19,18,36.8,8.6,19.2,0.451,0,0.2,0,8.6,19,0.454,0.451,5.6,7.8,0.711,1.2,1.2,2.3,4.7,0.8,0.2,2.6,3.5,22.8
89,World B. Free\freewo01,SG,29,CLE,54,51,35.9,9,19.6,0.458,0.3,0.8,0.357,8.7,18.8,0.462,0.465,6,8,0.747,1.3,1.6,2.9,3.7,1.5,0.2,2.9,3.2,24.2
90,Bill Garnett\garnebi02,C,22,DAL,75,13,18.8,2.3,4.3,0.533,0,0,0,2.3,4.2,0.538,0.533,1.7,2.3,0.741,1.9,3.5,5.4,1.4,0.6,0.9,1.1,3.3,6.3
91,Calvin Garrett\garreca01,SF,26,HOU,4,0,8.5,1,2.8,0.364,0,0.3,0,1,2.5,0.4,0.364,0.5,0.5,1,0.8,1,1.8,0.8,0,0,0.8,1,2.5
92,George Gervin*\gervige01,SG,30,SAS,78,78,36.3,9.7,19.9,0.487,0.2,0.4,0.364,9.6,19.5,0.49,0.491,6.6,7.8,0.853,1.4,3.2,4.6,3.4,1.1,0.9,3.2,3.1,26.2
93,Artis Gilmore*\gilmoar01,C,33,SAS,82,82,34.1,6.8,10.8,0.626,0,0.1,0,6.8,10.8,0.63,0.626,4.5,6,0.74,3.6,8.4,12,1.5,0.5,2.3,3.1,3.3,18
94,Mike Glenn\glennmi01,SG,27,ATL,73,4,15.4,3.2,6.1,0.518,0,0,0,3.2,6.1,0.519,0.518,1,1.2,0.831,0.2,1,1.2,1.7,0.4,0.1,0.7,1.8,7.3
95,Mike Gminski\gminsmi01,C,23,NJN,80,1,15.7,2.7,5.3,0.5,0,0,0,2.7,5.3,0.501,0.5,2.2,2.8,0.778,1.9,2.9,4.8,0.8,0.4,1.5,1.6,1.5,7.5
96,Glen Gondrezick\gondrgl01,PF,27,DEN,76,2,14.9,1.8,3.9,0.456,0,0,0,1.8,3.8,0.46,0.456,1.1,1.5,0.719,1.4,2.5,4,1.3,1.1,0.1,0.6,2.1,4.6
97,Rickey Green\greenri01,PG,28,UTA,78,78,35.7,5.9,12.1,0.493,0,0.2,0.154,5.9,11.9,0.497,0.494,2.4,3,0.797,0.8,2.1,2.9,8.9,2.8,0.1,2.8,2,14.3
98,Dave Greenwood\greenda01,PF,25,CHI,79,61,29.8,3.9,8.7,0.455,0,0.1,0,3.9,8.6,0.457,0.455,2.1,2.9,0.708,2.7,6.9,9.7,1.9,0.7,1.1,1.9,3.3,10
99,John Greig\greigjo01,SF,21,SEA,9,0,2.9,0.8,1.4,0.538,0,0,,0.8,1.4,0.538,0.538,0.6,0.7,0.833,0.2,0.4,0.7,0,0,0.1,0.2,0.4,2.1
100,Kevin Grevey\greveke01,SF,29,WSB,41,11,18.4,2.8,7.2,0.388,0.4,0.9,0.395,2.4,6.2,0.387,0.413,1.3,1.7,0.783,0.4,0.8,1.2,1.2,0.4,0.2,0.7,1.5,7.2
101,Paul Griffin\griffpa01,PF,29,SAS,53,0,18,1.1,2.2,0.517,0,0,,1.1,2.2,0.517,0.517,1,1.4,0.697,1.5,2.6,4.1,1.6,0.6,0.5,1.3,2.9,3.3
102,Darrell Griffith\griffda01,SG,24,UTA,77,76,36.2,9.8,20.2,0.484,0.5,1.7,0.288,9.3,18.5,0.502,0.496,2.2,3.2,0.679,1.3,2.6,3.9,3.5,1.8,0.4,3.3,2.4,22.2
103,Bob Gross\grossbo01,SF,29,SDC,27,3,13.8,1.3,3,0.427,0,0.1,0.333,1.3,2.9,0.43,0.433,0.4,0.7,0.632,1.2,1.3,2.4,1.3,0.8,0.3,0.9,2.6,3.1
104,Ernie Grunfeld\grunfer01,SF,27,NYK,77,0,18.5,2.2,4.9,0.443,0,0.1,0,2.2,4.8,0.448,0.443,1.1,1.3,0.827,0.5,1.6,2.1,1.8,0.5,0.1,1.1,2.2,5.4
105,Bill Hanzlik\hanzlbi01,SF,25,DEN,82,8,18.9,2.3,5.3,0.428,0,0.1,0.143,2.3,5.2,0.433,0.429,1.5,2,0.781,1,1.9,2.9,3.3,0.9,0.2,1.8,2.7,6.1
106,Joe Hassett\hassejo01,SG,27,GSW,6,2,23.2,3.2,7.3,0.432,0.2,1.5,0.111,3,5.8,0.514,0.443,0,0,,0.5,1.3,1.8,3.5,0.3,0,1.5,2.3,6.5
107,Scott Hastings\hastisc01,C-PF,22,TOT,31,0,4.5,0.4,1.2,0.342,0,0.1,0,0.4,1.1,0.371,0.342,0.4,0.6,0.55,0.5,0.8,1.3,0.1,0.2,0,0.3,1.1,1.2
107,Scott Hastings\hastisc01,C,22,NYK,21,0,4.7,0.4,1,0.364,0,0,0,0.4,1,0.381,0.364,0.3,0.7,0.5,0.5,1,1.5,0,0.2,0,0.3,1.5,1.1
107,Scott Hastings\hastisc01,PF,22,ATL,10,0,4.2,0.5,1.6,0.313,0,0.2,0,0.5,1.4,0.357,0.313,0.4,0.6,0.667,0.5,0.5,1,0.2,0.1,0.1,0.3,0.3,1.4
108,Steve Hawes\hawesst01,PF,32,TOT,77,4,18.4,2.1,5.1,0.418,0.1,0.3,0.238,2.1,4.8,0.428,0.424,0.9,1.2,0.734,1.1,3.6,4.7,1.2,0.5,0.2,1.4,2.5,5.2
108,Steve Hawes\hawesst01,PF,32,ATL,46,3,18.7,2,5.3,0.373,0,0.3,0.143,1.9,5,0.387,0.377,1,1.3,0.742,1.2,3.8,5,1.3,0.6,0.2,1.6,2.4,5
108,Steve Hawes\hawesst01,PF,32,SEA,31,1,17.9,2.3,4.7,0.493,0.1,0.2,0.429,2.2,4.5,0.496,0.503,0.7,1,0.719,0.9,3.4,4.3,1.2,0.3,0.2,1.1,2.5,5.5
109,Elvin Hayes*\hayesel01,PF,37,HOU,81,43,28.4,5.2,11,0.476,0,0,0.5,5.2,10.9,0.476,0.478,2.4,3.5,0.683,2.5,5.1,7.6,2,0.6,1,2.5,2.9,12.9
110,Steve Hayes\hayesst01,C,27,CLE,65,3,16.3,1.6,3.3,0.479,0,0,0,1.6,3.3,0.481,0.479,0.4,0.8,0.569,1.6,2.1,3.6,0.6,0.3,0.6,0.8,3.3,3.6
111,Spencer Haywood*\haywosp01,PF,33,WSB,38,25,20.4,3.3,8.2,0.401,0,0,0,3.3,8.2,0.402,0.401,1.7,2.3,0.724,2,2.8,4.8,0.8,0.3,0.7,1.8,2.5,8.2
112,Gerald Henderson\hendege01,PG,27,BOS,82,9,18.9,3.5,7.5,0.463,0,0.2,0.188,3.5,7.3,0.47,0.465,1.2,1.6,0.722,0.7,0.8,1.5,2.4,1.2,0,1.6,2.3,8.2
113,Tom Henderson\hendeto01,SG,31,HOU,51,2,15.5,2.1,5.2,0.407,0,0,0,2.1,5.1,0.41,0.407,0.9,1.1,0.789,0.4,1,1.4,2.7,0.7,0,1,1.1,5.1
114,Rod Higgins\higgiro01,SF,23,CHI,82,42,26.8,3.8,8.5,0.448,0.2,0.5,0.317,3.7,8,0.457,0.458,2.5,3.2,0.792,1.9,2.5,4.5,2.1,0.8,0.8,1.5,3,10.3
115,Johnny High\highjo01,SG,25,PHO,82,2,14.1,1.2,2.6,0.461,0,0.1,0.2,1.2,2.6,0.467,0.463,0.8,1.7,0.463,0.5,1.3,1.8,1.9,1,0.4,1.3,2.5,3.2
116,Armond Hill\hillar01,PG,29,MIL,14,3,12.1,1,1.9,0.538,0,0,,1,1.9,0.538,0.538,1.3,1.6,0.818,0.4,1.1,1.4,1.9,0.6,0,0.9,1.4,3.3
117,Craig Hodges\hodgecr01,SG,22,SDC,76,48,26.6,4.2,9.3,0.452,0.3,1.2,0.222,3.9,8.1,0.485,0.466,1.2,1.7,0.723,0.7,0.9,1.6,3.6,1.1,0.1,2.1,2.5,9.9
118,Lionel Hollins\hollili01,PG,29,SDC,56,54,32.9,5.6,12.8,0.437,0.1,0.4,0.143,5.5,12.4,0.445,0.439,2.3,3.2,0.721,0.5,1.8,2.3,6.7,2,0.3,3.5,2.8,13.5
119,Phil Hubbard\hubbaph01,SF,26,CLE,82,38,23.8,3.5,7.3,0.482,0,0,0,3.5,7.3,0.484,0.482,2.5,3.6,0.689,2.7,3,5.7,1.1,1.1,0.1,1.9,3.3,9.5
120,Geoff Huston\hustoge01,PG,25,CLE,80,79,34,5,10.4,0.482,0.1,0.2,0.333,5,10.3,0.484,0.484,2.1,3.1,0.686,0.5,1.5,2,6.1,0.9,0.1,2.4,2.7,12.2
121,Marc Iavaroni\iavarma01,PF,26,PHI,80,77,20.2,2,4.4,0.462,0,0,0,2,4.4,0.464,0.462,1,1.4,0.69,1.5,2.7,4.1,1,0.4,0.6,1.7,3,5.1
122,Dan Issel*\isselda01,C,34,DEN,80,80,30.4,8.3,16.2,0.51,0.1,0.2,0.211,8.2,16,0.514,0.512,5,6,0.835,1.9,5.6,7.5,2.8,1,0.5,2.2,2.8,21.6
123,Tracy Jackson\jackstr01,SG,23,CHI,78,3,16.8,2.6,5.5,0.467,0,0.2,0.154,2.5,5.3,0.477,0.469,1.2,1.6,0.73,1.1,1.2,2.3,1.3,0.8,0.1,1.1,1.7,6.3
124,Clay Johnson\johnscl02,SG,26,LAL,48,0,9.3,1.1,2.8,0.393,0,0,0,1.1,2.8,0.398,0.393,0.8,1,0.792,0.8,0.6,1.4,0.5,0.5,0.1,0.5,1.3,3
125,Clemon Johnson\johnscl01,C,26,TOT,83,11,23.1,3.6,7,0.515,0,0,0,3.6,7,0.516,0.515,1.3,2.2,0.617,2.3,4,6.3,1.7,0.8,1.1,1.5,2.7,8.5
125,Clemon Johnson\johnscl01,C,26,IND,51,7,23.8,4.1,7.8,0.521,0,0,0,4.1,7.8,0.523,0.521,1.5,2.4,0.631,2.3,4,6.3,2.3,1,1.2,1.7,2.7,9.7
125,Clemon Johnson\johnscl01,C,26,PHI,32,4,21.8,2.8,5.7,0.5,0,0,,2.8,5.7,0.5,0.5,1.1,1.8,0.586,2.3,4.1,6.4,0.8,0.5,0.9,1.1,2.6,6.8
126,Dennis Johnson*\johnsde01,PG,28,PHO,77,74,33.1,5.2,11.2,0.462,0.1,0.4,0.161,5.1,10.8,0.473,0.465,3.8,4.8,0.791,1.2,3.2,4.4,5,1.3,0.5,2.6,2.6,14.2
127,Eddie Johnson\johnsed02,SG,27,ATL,61,57,29.7,6.4,14.1,0.453,0.2,0.7,0.341,6.1,13.4,0.459,0.462,3,3.9,0.785,0.4,1.6,2,5.2,1,0.1,2.6,2.3,16
128,Eddie Johnson\johnsed03,SF,23,KCK,82,82,35.8,8.3,16.7,0.494,0.2,0.9,0.282,8,15.8,0.506,0.501,3,3.9,0.779,2.3,3.8,6.1,2.6,0.9,0.2,2.2,3.2,19.8
129,Frank Johnson\johnsfr01,PG,24,WSB,68,65,34.2,4.7,11.6,0.408,0.2,0.9,0.23,4.5,10.7,0.423,0.417,2.9,3.8,0.751,0.7,1.9,2.6,8.1,1.6,0.1,3.5,2.5,12.5
130,George Johnson\johnsge02,C,34,ATL,37,0,12.5,0.7,1.5,0.439,0,0,,0.7,1.5,0.439,0.439,0.4,0.5,0.737,1.2,2,3.2,0.5,0.3,1.6,0.5,1.9,1.7
131,George Johnson\johnsge03,SF,26,IND,82,64,28,5,10.5,0.477,0.1,0.5,0.184,4.9,10,0.49,0.481,1.5,2.1,0.733,2.1,4.5,6.6,2.7,0.9,0.6,3,3.4,11.6
132,Magic Johnson*\johnsma02,SG,23,LAL,79,79,36.8,6.5,11.8,0.548,0,0.3,0,6.5,11.5,0.56,0.548,3.8,4.8,0.8,2.7,5.9,8.6,10.5,2.2,0.6,3.8,2.5,16.8
133,Marques Johnson\johnsma01,SF,26,MIL,80,80,35.7,9,17.8,0.509,0.1,0.3,0.2,9,17.5,0.514,0.511,3.3,4.5,0.735,2.5,4.6,7,4.5,1.3,0.7,2.5,2.6,21.4
134,Mickey Johnson\johnsmi01,PF,30,TOT,78,16,26.3,5,11.8,0.425,0,0.5,0.083,5,11.3,0.438,0.426,4,4.9,0.821,2.1,4.2,6.3,3.3,1.1,0.6,3.1,3.7,14.1
134,Mickey Johnson\johnsmi01,PF,30,MIL,6,0,25.5,5,11,0.455,0,0.3,0,5,10.7,0.469,0.455,1.2,1.5,0.778,1.5,2.7,4.2,1.8,0.2,0.3,2,3.7,11.2
134,Mickey Johnson\johnsmi01,PF,30,NJN,42,7,23.8,4.7,11.8,0.401,0,0.4,0.118,4.7,11.4,0.411,0.403,3.9,4.8,0.816,1.6,3.8,5.3,3.4,1.3,0.5,2.9,3.2,13.4
134,Mickey Johnson\johnsmi01,PF,30,GSW,30,9,30,5.4,12,0.451,0,0.6,0.059,5.4,11.4,0.471,0.453,4.7,5.7,0.829,2.9,5.2,8.2,3.3,0.8,0.8,3.5,4.4,15.5
135,Reggie Johnson\johnsre01,SF,25,TOT,79,8,19.5,3.1,6.4,0.485,0,0.1,0.25,3.1,6.4,0.487,0.486,1.2,1.6,0.731,1.4,2.3,3.7,0.9,0.3,0.5,1.3,2.9,7.5
135,Reggie Johnson\johnsre01,SF,25,KCK,50,0,19.8,3.6,7.1,0.501,0,0.1,0.25,3.5,7,0.504,0.503,1.5,2,0.73,1.5,2.5,4,1,0.4,0.5,1.4,3,8.6
135,Reggie Johnson\johnsre01,SF,25,PHI,29,8,18.9,2.4,5.3,0.448,0,0,,2.4,5.3,0.448,0.448,0.8,1,0.733,1.1,2,3.1,0.8,0.3,0.6,1.2,2.8,5.5
136,Steve Johnson\johnsst03,C,25,KCK,79,21,19.5,4.7,7.5,0.624,0,0,,4.7,7.5,0.624,0.624,2.4,4.1,0.574,1.8,3.3,5,1.2,0.5,1.1,2.3,4.1,11.7
137,Vinnie Johnson\johnsvi01,SG,26,DET,82,51,30.6,6.3,12.4,0.513,0.1,0.5,0.275,6.2,11.9,0.523,0.519,3,3.8,0.778,2,2.3,4.3,3.7,1.1,0.6,1.9,3.2,15.8
138,Jim Johnstone\johnsji01,PF-C,22,TOT,23,0,8.3,0.5,1.3,0.367,0,0,,0.5,1.3,0.367,0.367,0.4,0.9,0.45,0.7,1.3,2,0.5,0.1,0.3,0.7,1.4,1.3
138,Jim Johnstone\johnsji01,C,22,SAS,7,0,7.7,0.3,1.4,0.2,0,0,,0.3,1.4,0.2,0.2,0.4,0.7,0.6,0.6,1.7,2.3,0.1,0.1,0.1,0.6,1.3,1
138,Jim Johnstone\johnsji01,PF,22,DET,16,0,8.6,0.6,1.3,0.45,0,0,,0.6,1.3,0.45,0.45,0.4,0.9,0.4,0.7,1.2,1.9,0.6,0.1,0.4,0.7,1.5,1.5
139,Bobby Jones*\jonesbo01,PF,31,PHI,74,0,23.6,3.4,6.2,0.543,0,0,0,3.4,6.2,0.545,0.543,2.2,2.8,0.793,1.4,3.3,4.6,1.9,1.1,1.2,1.5,2.7,9
140,Caldwell Jones\jonesca01,C,32,HOU,82,82,29.8,3.7,8.3,0.453,0,0,0,3.7,8.2,0.455,0.453,2,2.5,0.786,2.7,5.4,8.1,1.7,0.6,1.6,2.1,3.4,9.5
141,Dwight Jones\jonesdw01,PF,30,TOT,81,2,14.4,1.8,4,0.455,0,0,0,1.8,4,0.457,0.455,1,1.5,0.642,1,2.8,3.8,0.8,0.4,0.3,1.2,2.1,4.6
141,Dwight Jones\jonesdw01,PF,30,CHI,49,2,13.7,1.8,3.9,0.446,0,0,,1.8,3.9,0.446,0.446,1,1.5,0.627,1.1,2.8,4,0.8,0.4,0.3,1.3,1.8,4.5
141,Dwight Jones\jonesdw01,PF,30,LAL,32,0,15.3,1.9,4.1,0.47,0,0,0,1.9,4.1,0.473,0.47,1,1.5,0.667,0.9,2.7,3.6,0.7,0.4,0.3,1.1,2.6,4.9
142,Edgar Jones\jonesed01,PF,26,TOT,77,28,21.5,3.1,6.2,0.495,0,0.1,0.222,3.1,6.1,0.5,0.497,2.6,3.7,0.703,1.8,4.1,5.8,1.2,0.5,1.4,1.9,3.5,8.8
142,Edgar Jones\jonesed01,PF,26,DET,49,25,21.1,3,6,0.493,0,0.1,0.333,2.9,5.9,0.497,0.497,2.4,3.5,0.68,1.6,3.9,5.5,1.4,0.6,1.6,2.1,3.3,8.3
142,Edgar Jones\jonesed01,PF,26,SAS,28,3,22.2,3.3,6.6,0.497,0,0.1,0,3.3,6.5,0.505,0.497,3,4.1,0.737,2,4.3,6.3,0.7,0.5,1.1,1.5,3.8,9.6
143,Hutch Jones\joneshu01,SF,23,SDC,9,0,9.4,1.9,4.1,0.459,0,0,,1.9,4.1,0.459,0.459,0.7,0.7,1,1.1,0.8,1.9,0.4,0.3,0,0.7,1.6,4.4
144,Major Jones\jonesma01,PF,29,HOU,60,4,14.6,2.4,5.2,0.457,0,0,0,2.4,5.2,0.46,0.457,0.9,1.7,0.549,1.9,2.5,4.4,0.7,0.4,0.4,1.4,1.7,5.7
145,Eddie Jordan\jordaed01,PG,28,LAL,35,0,9.5,1.1,3.8,0.303,0.1,0.5,0.188,1.1,3.3,0.319,0.314,0.3,0.5,0.647,0.2,0.5,0.7,2.3,0.9,0,1.5,1.5,2.7
146,Jeff Judkins\judkije01,SF,26,POR,34,0,9.1,1.1,2.6,0.443,0.1,0.2,0.25,1.1,2.4,0.463,0.455,0.7,0.9,0.833,0.5,0.7,1.3,0.5,0.4,0.1,0.5,1.1,3.1
147,Rich Kelley\kelleri01,C,29,TOT,70,23,19.2,1.9,4.2,0.444,0,0,,1.9,4.2,0.444,0.444,2,2.5,0.811,1.9,3.9,5.8,2,0.8,0.6,1.7,3.2,5.7
147,Rich Kelley\kelleri01,C,29,DEN,38,0,14.9,1.6,3.7,0.418,0,0,,1.6,3.7,0.418,0.418,1.4,1.8,0.786,1.6,2.9,4.5,1.6,0.6,0.5,1.4,3,4.6
147,Rich Kelley\kelleri01,C,29,UTA,32,23,24.4,2.2,4.8,0.467,0,0,,2.2,4.8,0.467,0.467,2.7,3.3,0.829,2.2,5.1,7.3,2.5,1,0.7,2,3.3,7.2
148,Clark Kellogg\kellocl01,PF,21,IND,81,81,34.1,8.4,17.5,0.479,0,0.2,0.222,8.3,17.3,0.482,0.48,3.2,4.3,0.741,4.2,6.4,10.6,2.8,1.7,0.5,2.7,3.7,20.1
149,Greg Kelser\kelsegr01,SF,25,SEA,80,9,18.8,3.1,5.6,0.549,0,0,0,3.1,5.6,0.553,0.549,2.2,3.2,0.673,2,3.1,5,1.2,0.7,0.4,1.9,3,8.3
150,Larry Kenon\kenonla01,PF,30,TOT,48,7,16,2.5,5.4,0.463,0,0,0,2.5,5.3,0.465,0.463,0.9,1.2,0.737,1.4,1.7,3.1,0.8,0.5,0.2,1,1.3,5.8
150,Larry Kenon\kenonla01,PF,30,CHI,5,0,5,0.4,1.2,0.333,0,0,,0.4,1.2,0.333,0.333,0,0,,0.2,0.6,0.8,0,0.2,0,0.4,0.4,0.8
150,Larry Kenon\kenonla01,PF,30,GSW,11,0,11,1.5,3.5,0.436,0,0,,1.5,3.5,0.436,0.436,0.6,1,0.636,1.2,1.2,2.4,0.5,0.1,0,0.5,1.2,3.7
150,Larry Kenon\kenonla01,PF,30,CLE,32,7,19.5,3.1,6.6,0.472,0,0,0,3.1,6.6,0.474,0.472,1.1,1.4,0.761,1.6,2,3.7,1.1,0.7,0.3,1.2,1.5,7.3
151,Albert King\kingal01,SF,23,NJN,79,75,31,7.4,15.5,0.475,0.1,0.3,0.261,7.3,15.2,0.479,0.477,2.2,2.9,0.775,2,3.8,5.8,3.7,1.2,0.5,3.1,3.5,17
152,Bernard King*\kingbe01,SF,26,NYK,68,68,32.5,8.9,16.8,0.528,0,0.1,0,8.9,16.7,0.531,0.528,4.1,5.7,0.722,1.5,3.3,4.8,2.9,1.3,0.2,2.9,3.4,21.9
153,Reggie King\kingre01,SF,25,KCK,58,5,17.2,1.8,3.9,0.462,0,0,,1.8,3.9,0.462,0.462,1.3,1.7,0.76,1.6,2.6,4.1,1,0.5,0.2,1.1,1.6,4.8
154,Billy Knight\knighbi01,SG,30,IND,80,54,28.3,6.4,12.3,0.52,0,0.2,0.158,6.4,12.1,0.527,0.522,4.3,5.1,0.841,1.9,2.2,4.1,2.4,0.8,0.1,2.4,1.8,17.1
155,Joe Kopicki\kopicjo01,PF,22,WSB,17,1,11.8,1.4,3,0.451,0,0.1,0,1.4,2.9,0.46,0.451,1.2,1.5,0.84,1.1,2.6,3.6,0.5,0.5,0.1,0.5,1.2,3.9
156,Joel Kramer\kramejo01,C,27,PHO,54,4,8.5,0.8,1.9,0.423,0,0,0,0.8,1.9,0.427,0.423,0.3,0.3,0.875,0.8,0.9,1.6,0.7,0.3,0.1,0.4,1.2,1.9
157,Sam Lacey\laceysa01,C,34,CLE,60,33,20.5,1.9,4.4,0.42,0,0.2,0.222,1.8,4.3,0.427,0.424,0.5,0.6,0.784,1,2.8,3.9,2,0.5,0.4,1.6,3.5,4.2
158,Bill Laimbeer\laimbbi01,C,25,DET,82,82,35,5.3,10.7,0.497,0,0.2,0.154,5.3,10.5,0.502,0.498,3,3.8,0.79,3.4,8.7,12.1,3.2,0.6,1.4,2.1,3.9,13.6
159,Jeff Lamp\lampje01,SF,23,POR,59,1,11.7,1.8,4.3,0.425,0,0.1,0.167,1.8,4.2,0.431,0.427,0.7,0.9,0.808,0.4,0.9,1.3,1,0.3,0.1,0.6,1.1,4.4
160,Mark Landsberger\landsma01,PF,27,LAL,39,4,9.1,1.1,2.6,0.422,0,0,,1.1,2.6,0.422,0.422,0.3,0.6,0.48,1.4,1.9,3.3,0.3,0.2,0.1,0.5,1.2,2.5
161,Bob Lanier*\laniebo01,C,34,MIL,39,35,25.1,4.2,8.5,0.491,0,0,0,4.2,8.5,0.492,0.491,2.3,3.4,0.684,1.5,3.6,5.1,2.7,0.9,0.6,2.1,3.2,10.7
162,Allen Leavell\leaveal01,PG,25,HOU,79,76,32.9,5.6,13.4,0.415,0.5,2.2,0.24,5,11.2,0.449,0.434,3.1,3.8,0.832,0.8,1.7,2.5,6.7,2.1,0.2,2.5,2.7,14.8
163,Ronnie Lester\lestero01,PG,24,CHI,65,38,22.1,3.1,6.9,0.453,0,0.1,0,3.1,6.8,0.458,0.453,1.9,2.6,0.725,0.7,1.9,2.6,5.1,0.8,0.1,2.1,1.9,8.1
164,Fat Lever\leverfa01,PG,22,POR,81,45,24.9,3.2,7.3,0.431,0.1,0.2,0.333,3.1,7.1,0.434,0.435,1.4,2,0.73,1,1.7,2.8,5.3,1.9,0.2,1.7,2.2,7.8
165,Cliff Levingston\levincl01,PF,22,DET,62,5,14.2,2.1,4.4,0.485,0,0,0,2.1,4.3,0.487,0.485,1.4,2.4,0.571,1.7,2.1,3.7,0.8,0.4,0.6,1.2,2,5.6
166,Steve Lingenfelter\lingest01,PF,24,WSB,7,0,7.6,0.6,0.9,0.667,0,0,,0.6,0.9,0.667,0.667,0,0.6,0,0.1,1.6,1.7,0.6,0.1,0.4,0.7,2.3,1.1
167,Alton Lister\listeal01,PF,24,MIL,80,37,23.6,3.4,6.4,0.529,0,0,,3.4,6.4,0.529,0.529,1.6,3,0.537,2.1,5,7.1,1.4,0.6,2.2,2.3,4.1,8.4
168,Lewis Lloyd\lloydle01,SG,23,GSW,73,24,18.5,4,7.8,0.518,0,0.1,0.25,4,7.7,0.52,0.519,1.4,1.9,0.719,1.1,2.5,3.6,1.8,0.8,0.4,1.6,1.5,9.4
169,Scott Lloyd\lloydsc01,C,30,DAL,15,0,13.7,1.3,3.3,0.38,0,0.1,0,1.3,3.3,0.388,0.38,0.7,1.1,0.647,1.3,1.8,3.1,1.4,0.4,0.4,0.4,1.6,3.3
170,Kevin Loder\loderke01,SF,23,KCK,66,13,12.4,2.1,4.5,0.46,0.1,0.1,0.556,2,4.4,0.457,0.468,0.8,1.2,0.663,0.6,1.3,1.9,1.1,0.4,0.1,1,1.5,5.1
171,John Long\longjo01,SG,26,DET,70,30,21.2,4.5,9.9,0.451,0,0.1,0.286,4.4,9.8,0.453,0.452,1.6,2.1,0.76,0.8,1.8,2.6,1.5,0.6,0.2,2.1,1.9,10.5
172,John Lucas\lucasjo01,PG,29,WSB,35,0,11,1.8,3.7,0.473,0,0.1,0,1.8,3.6,0.492,0.473,0.6,1.2,0.5,0.2,0.6,0.8,2.9,0.7,0,1.3,0.5,4.1
173,Maurice Lucas\lucasma01,PF,30,PHO,77,71,33.6,6.4,13.6,0.474,0,0,0.333,6.4,13.5,0.474,0.474,3.6,4.6,0.781,2.6,7.8,10.4,2.8,0.7,0.6,2.9,3.6,16.5
174,Rudy Macklin\macklru01,SF,24,ATL,73,20,16,2.3,4.9,0.472,0,0.1,0,2.3,4.9,0.478,0.472,1.4,1.8,0.771,1.2,1.4,2.6,1,0.6,0.1,1.2,2.6,6
175,Kyle Macy\macyky01,PG,25,PHO,82,9,22.4,4,7.7,0.517,0.3,0.9,0.303,3.7,6.8,0.547,0.535,1.6,1.8,0.872,0.5,1.5,2,3.4,0.8,0.1,1.1,1.6,9.9
176,Dave Magley\magleda01,SF,23,CLE,14,0,4,0.3,1.1,0.25,0,0.1,0,0.3,1.1,0.267,0.25,0.3,0.6,0.5,0.1,0.6,0.7,0.1,0.1,0,0.1,0.4,0.9
177,Rick Mahorn\mahorri01,PF,24,WSB,82,82,36.9,4.6,9.4,0.49,0,0,0,4.6,9.3,0.492,0.49,1.8,3.1,0.575,2.1,7.4,9.5,1.4,1,1.8,2.1,4.1,11
178,Moses Malone*\malonmo01,C,27,PHI,78,78,37.5,8.4,16.7,0.501,0,0,0,8.4,16.7,0.502,0.501,7.7,10.1,0.761,5.7,9.6,15.3,1.3,1.1,2,3.4,2.6,24.5
179,Wes Matthews\matthwe01,PG,23,ATL,64,0,18.5,2.7,6.6,0.403,0.2,0.8,0.292,2.5,5.9,0.418,0.42,1.3,1.8,0.768,0.4,1,1.4,3.9,0.9,0.1,1.9,2,6.9
180,Cedric Maxwell\maxwece01,SF,27,BOS,79,71,28.5,4.2,8.4,0.499,0,0,0,4.2,8.4,0.5,0.499,3.5,4.4,0.812,2.3,3,5.3,2.4,0.8,0.5,2.1,2.6,11.9
181,Scott May\maysc01,SF,28,DET,9,1,17.2,2.3,5.6,0.42,0,0,,2.3,5.6,0.42,0.42,1.9,2.3,0.81,1.1,1.8,2.9,1.3,0.6,0.2,1.4,2.7,6.6
182,Bob McAdoo*\mcadobo01,C,31,LAL,47,1,21.7,6.2,12,0.52,0,0,0,6.2,11.9,0.52,0.52,2.5,3.5,0.73,1.6,3.6,5.3,0.8,0.9,0.9,1.4,3.3,15
183,Hank McDowell\mcdowha01,PF,23,TOT,56,0,9,1,2.3,0.46,0,0,0,1,2.2,0.468,0.46,0.8,1.1,0.77,1,1.2,2.1,0.4,0.1,0.2,0.7,1.5,2.9
183,Hank McDowell\mcdowha01,PF,23,GSW,14,0,9.3,0.9,2.1,0.448,0,0,,0.9,2.1,0.448,0.448,1,1.3,0.778,1.1,1.1,2.1,0.3,0.1,0.3,0.6,1.9,2.9
183,Hank McDowell\mcdowha01,PF,23,POR,42,0,8.9,1.1,2.3,0.464,0,0,0,1.1,2.3,0.474,0.464,0.8,1,0.767,0.9,1.2,2.1,0.5,0.1,0.2,0.8,1.4,2.9
184,Mike McGee\mcgeemi01,SF,23,LAL,39,7,9.8,1.8,4.2,0.423,0,0.2,0.143,1.7,4,0.436,0.426,0.4,0.6,0.739,0.8,0.5,1.4,0.7,0.3,0.1,0.7,1.3,4
185,Kevin McHale*\mchalke01,PF,25,BOS,82,13,28.6,5.9,10.9,0.541,0,0,0,5.9,10.9,0.541,0.541,2.4,3.3,0.717,2.6,4.1,6.7,1.3,0.4,2.3,1.9,2.9,14.1
186,Billy McKinney\mckinbi01,PG,27,DEN,68,38,22.9,3.9,8,0.487,0,0.1,0,3.9,7.9,0.494,0.487,2,2.5,0.814,0.3,1.5,1.8,4.2,0.6,0.1,1.5,2.1,9.8
187,Tom McMillen\mcmilto01,C,30,ATL,61,4,22.4,3.2,7,0.467,0,0,0,3.2,6.9,0.468,0.467,1.8,2.2,0.812,0.9,2.6,3.6,1.2,0.3,0.4,1.3,2.3,8.3
188,Mark McNamara\mcnamma01,C,23,PHI,36,2,5.1,0.8,1.8,0.453,0,0,,0.8,1.8,0.453,0.453,0.6,1.3,0.444,0.9,1.2,2.1,0.2,0.1,0.1,1,1.2,2.2
189,Joe Meriweather\meriwjo01,C,29,KCK,78,74,21.9,3.3,5.8,0.57,0,0,,3.3,5.8,0.57,0.57,1.3,2.1,0.626,1.9,3.5,5.4,0.8,0.6,1.1,1.5,3.7,7.9
190,Mike Mitchell\mitchmi01,SF,27,SAS,80,79,35,8.6,16.8,0.511,0,0,0,8.6,16.7,0.512,0.511,2.7,3.6,0.758,2.4,4.4,6.7,1.2,0.7,0.7,1.6,3.1,19.9
191,Steve Mix\mixst01,SF,35,TOT,58,20,13.9,2.4,4.9,0.484,0,0.1,0.25,2.3,4.8,0.487,0.486,1.3,1.5,0.852,0.7,1.7,2.4,1.2,0.6,0.1,0.8,1.2,6
191,Steve Mix\mixst01,SF,35,MIL,57,20,13.9,2.3,4.8,0.487,0,0.1,0.25,2.3,4.7,0.491,0.489,1.3,1.5,0.851,0.6,1.7,2.4,1.2,0.6,0.1,0.8,1.2,6
191,Steve Mix\mixst01,SF,35,LAL,1,0,17,4,10,0.4,0,0,,4,10,0.4,0.4,1,1,1,1,0,1,2,0,0,0,1,9
192,Paul Mokeski\mokespa01,C,26,TOT,73,19,15.5,1.6,3.6,0.458,0,0,0,1.6,3.5,0.459,0.458,0.7,0.9,0.735,1,2.5,3.6,0.7,0.3,0.6,0.9,3.1,3.9
192,Paul Mokeski\mokespa01,C,26,CLE,23,18,23.4,2.4,5.3,0.455,0,0,,2.4,5.3,0.455,0.455,0.7,1.1,0.615,2,4,6,1.1,0.5,1,1.2,3.7,5.5
192,Paul Mokeski\mokespa01,C,26,MIL,50,1,11.8,1.3,2.8,0.46,0,0,0,1.3,2.8,0.464,0.46,0.7,0.8,0.81,0.6,1.9,2.4,0.5,0.2,0.4,0.8,2.8,3.2
193,Sidney Moncrief*\moncrsi01,SG,25,MIL,76,76,35.7,8,15.2,0.524,0,0.1,0.1,8,15.1,0.528,0.525,6.6,7.9,0.826,2.5,3.2,5.8,3.9,1.5,0.3,2.6,2.4,22.5
194,Johnny Moore\moorejo01,PG,24,SAS,77,73,33.1,5.1,10.9,0.468,0.1,0.3,0.227,5.1,10.6,0.475,0.471,1.9,2.6,0.744,0.8,2.8,3.6,9.8,2.5,0.4,2.9,3.2,12.2
195,Lowes Moore\moorelo01,PG,25,SDC,37,3,17.4,2.2,5.1,0.426,0.2,0.6,0.261,2,4.5,0.449,0.442,1.1,1.5,0.75,0.4,1.1,1.5,2,0.6,0,1.2,1.9,5.7
196,Guy Morgan\morgagu01,SG,22,IND,8,0,5.8,0.9,3,0.292,0,0,,0.9,3,0.292,0.292,0.1,0.5,0.25,0.8,1.4,2.1,0.9,0.3,0,0.3,0.9,1.9
197,Calvin Murphy*\murphca01,PG,34,HOU,64,0,22.2,5.3,11.8,0.447,0.1,0.2,0.286,5.2,11.6,0.45,0.45,2.2,2.3,0.92,0.5,0.6,1.2,2.5,0.9,0.1,1.4,2.5,12.8
198,Larry Nance\nancela01,PF,23,PHO,82,82,35.5,7.2,13,0.55,0,0,0.333,7.2,13,0.551,0.551,2.4,3.5,0.672,2.9,5.7,8.7,2.4,1.2,2.6,2.3,3.1,16.7
199,Swen Nater\natersw01,C,33,SDC,7,0,7.3,0.9,2.9,0.3,0,0,,0.9,2.9,0.3,0.3,0.6,0.6,1,0.3,1.6,1.9,0.1,0.1,0,0.4,0.1,2.3
200,Calvin Natt\nattca01,SF,26,POR,80,80,36,8.1,14.8,0.543,0,0.3,0.15,8,14.6,0.549,0.544,4.2,5.4,0.792,2.7,4.8,7.5,2.1,0.8,0.4,2.5,2.3,20.4
201,Kenny Natt\nattke01,SG,24,UTA,22,0,9.5,1.7,3.3,0.521,0,0.1,0,1.7,3.2,0.535,0.521,0.4,0.6,0.643,0.3,0.7,1,1.3,0.2,0,1,1.6,3.9
202,Ed Nealy\nealyed01,PF,22,KCK,82,61,20,1.8,3,0.595,0,0,,1.8,3,0.595,0.595,0.9,1.4,0.614,2.1,3.8,5.9,0.8,0.8,0.1,0.6,3,4.4
203,Chuck Nevitt\nevitch01,C,23,HOU,6,0,10.7,1.8,2.5,0.733,0,0,,1.8,2.5,0.733,0.733,0.2,0.7,0.25,1,1.8,2.8,0,0.2,2,1.2,2.3,3.8
204,Carl Nicks\nicksca01,SG,24,CLE,9,2,16.4,2.9,6.6,0.441,0,0.1,0,2.9,6.4,0.448,0.441,1.2,1.9,0.647,0.9,2,2.9,1.2,0.7,0,1.2,1.9,7
205,Kurt Nimphius\nimphku01,C,24,DAL,81,12,18.7,2.1,4.4,0.49,0,0,1,2.1,4.4,0.489,0.492,1,1.7,0.55,1.9,3,5,1.4,0.3,1.4,0.8,3.5,5.3
206,Norm Nixon\nixonno01,PG,27,LAL,79,79,34.3,6.7,14.2,0.475,0,0.2,0,6.7,14.1,0.48,0.475,1.6,2.1,0.744,0.8,1.8,2.6,7.2,1.3,0.1,3,2.2,15.1
207,Audie Norris\norriau01,C,22,POR,30,0,10.4,0.9,2.1,0.413,0,0,,0.9,2.1,0.413,0.413,0.5,1,0.467,0.8,1.5,2.3,0.8,0.4,0.1,1.1,2,2.2
208,Mike O'Koren\okoremi01,SF,24,NJN,46,14,17.5,3,5.6,0.525,0,0.2,0.222,2.9,5.4,0.536,0.529,0.7,1,0.708,0.9,1.6,2.5,1.8,0.9,0.2,1.3,1.5,6.7
209,Mark Olberding\olberma01,PF,26,CHI,80,31,22.7,3.1,6.5,0.481,0,0.2,0.167,3.1,6.4,0.488,0.483,2.4,3.1,0.782,1.4,3.1,4.5,1.6,0.6,0.1,1.9,3.1,8.7
210,Jawann Oldham\oldhaja01,C,25,CHI,16,0,10.7,1.9,3.6,0.534,0,0,,1.9,3.6,0.534,0.534,0.8,1.4,0.545,1.1,1.8,2.9,0.3,0.3,0.8,0.8,1.9,4.6
211,Louis Orr\orrlo01,SF,24,NYK,82,14,20.3,3.3,7.2,0.462,0,0,0,3.3,7.2,0.464,0.462,1.7,2.1,0.8,1.1,1.6,2.8,1.1,0.8,0.3,1.1,1.6,8.4
212,Tom Owens\owensto01,C,33,DET,49,4,14.8,1.7,3.9,0.422,0,0,,1.7,3.9,0.422,0.422,0.9,1.3,0.682,1.3,2.4,3.8,0.9,0.2,0.3,1,2.3,4.2
213,Robert Parish*\parisro01,C,29,BOS,78,76,31.5,7.9,14.4,0.55,0,0,0,7.9,14.4,0.551,0.55,3.5,5,0.698,3.3,7.3,10.6,1.8,1,1.9,2.4,2.8,19.3
214,Billy Paultz\paultbi01,C,34,TOT,64,0,12.8,1.6,3.5,0.445,0,0,,1.6,3.5,0.445,0.445,0.4,0.9,0.458,1,2.1,3.1,1,0.3,0.3,0.7,1.7,3.6
214,Billy Paultz\paultbi01,C,34,HOU,57,0,12.2,1.6,3.5,0.445,0,0,,1.6,3.5,0.445,0.445,0.5,1,0.456,0.9,2,2.9,1,0.2,0.2,0.7,1.7,3.6
214,Billy Paultz\paultbi01,C,34,SAS,7,0,17.9,1.7,3.9,0.444,0,0,,1.7,3.9,0.444,0.444,0.1,0.3,0.5,1.4,3.3,4.7,0.6,0.7,0.9,0.9,2,3.6
215,Jim Paxson\paxsoji02,SG,25,POR,81,81,33.8,8.4,16.3,0.515,0,0.3,0.16,8.4,16,0.522,0.517,4.8,5.9,0.812,0.8,1.3,2.1,2.9,1.7,0.2,1.9,2,21.7
216,Sam Pellom\pellosa01,PF,31,TOT,6,0,4.8,1,2.7,0.375,0,0,,1,2.7,0.375,0.375,0,0,,0.3,1,1.3,0.2,0,0,0.3,0.5,2
216,Sam Pellom\pellosa01,PF,31,ATL,2,0,4.5,1,3,0.333,0,0,,1,3,0.333,0.333,0,0,,0,0,0,0.5,0,0,0,0,2
216,Sam Pellom\pellosa01,PF,31,MIL,4,0,5,1,2.5,0.4,0,0,,1,2.5,0.4,0.4,0,0,,0.5,1.5,2,0,0,0,0.5,0.8,2
217,Roger Phegley\pheglro01,SG,26,SAS,62,4,9.7,1.9,4.3,0.449,0,0.2,0.214,1.9,4.1,0.462,0.455,0.7,0.9,0.768,0.6,0.7,1.4,1,0.5,0.1,0.8,1.5,4.6
218,Eddie Phillips\philled01,SF,21,NJN,48,0,8.7,1.2,2.9,0.406,0,0,0,1.2,2.8,0.412,0.406,0.8,1.2,0.678,0.6,1,1.6,0.6,0.3,0.2,1,1.2,3.2
219,Ricky Pierce\piercri01,SG,23,DET,39,1,6.8,0.8,2.3,0.375,0,0.2,0.143,0.8,2.1,0.395,0.381,0.5,0.8,0.563,0.4,0.5,0.9,0.4,0.2,0.1,0.5,1.1,2.2
220,Charles Pittman\pittmch01,PF,24,PHO,28,0,6.1,0.7,1.4,0.475,0,0,0,0.7,1.4,0.487,0.475,0.9,1.3,0.676,0.5,0.6,1.1,0.3,0.1,0.3,0.8,1.5,2.3
221,Ben Poquette\poquebe01,PF,27,UTA,75,50,31.1,4.4,9.3,0.472,0,0.1,0.2,4.4,9.2,0.474,0.473,2.2,2.9,0.751,2.1,4.9,6.9,2.2,0.9,1.5,1.3,3.5,11
222,Kevin Porter\porteke01,PG,32,WSB,11,0,19.1,1.9,3.6,0.525,0,0,,1.9,3.6,0.525,0.525,0.5,0.5,0.833,0.2,0.3,0.5,4.2,0.9,0,1.9,2.7,4.3
223,Paul Pressey\presspa01,SG,24,MIL,79,18,19.3,2.7,5.9,0.457,0,0.1,0.111,2.7,5.8,0.464,0.458,1.3,2.2,0.597,1.1,2.5,3.6,2.6,1.3,0.6,2.1,2.2,6.7
224,Mark Radford\radfoma01,SG,23,SEA,54,2,8.1,1.6,3.2,0.488,0.1,0.3,0.222,1.5,2.9,0.519,0.5,0.6,1.4,0.411,0.2,0.6,0.9,1.9,0.6,0.1,1.4,1.4,3.7
225,Ed Rains\rainsed01,SF,26,SAS,34,1,8.6,1,2.4,0.398,0,0,0,1,2.4,0.402,0.398,0.9,1.3,0.674,0.7,0.6,1.3,0.6,0.3,0,0.7,1,2.8
226,Kurt Rambis\rambiku01,PF,24,LAL,78,77,23.2,3,5.3,0.569,0,0,0,3,5.3,0.572,0.569,1.5,2.1,0.687,2.1,4.7,6.8,1.2,1.3,0.8,1.9,3,7.5
227,Kelvin Ransey\ranseke01,PG,24,DAL,76,4,21.1,4.5,9.8,0.46,0,0.2,0.125,4.5,9.6,0.467,0.461,2,2.6,0.764,0.6,1.4,1.9,3.7,0.8,0.1,1.7,1.4,11.1
228,James Ray\rayja01,PF,25,DEN,45,3,9.6,1.6,3.4,0.458,0,0,0,1.6,3.4,0.461,0.458,0.7,1.1,0.647,0.8,2,2.8,0.9,0.5,0.4,1.1,1.8,3.8
229,Clint Richardson\richacl01,SG,26,PHI,77,1,22.8,3.4,7.3,0.463,0,0.1,0,3.4,7.2,0.468,0.463,0.9,1.4,0.64,1.3,1.9,3.2,2.2,0.9,0.2,1.3,2.1,7.6
230,Micheal Ray Richardson\richami01,PG,27,TOT,64,51,32.4,5.4,12.7,0.425,0.1,0.8,0.157,5.3,11.9,0.442,0.429,1.7,2.5,0.65,1.8,2.8,4.6,6.8,2.8,0.4,3.8,3.8,12.6
230,Micheal Ray Richardson\richami01,PG,27,GSW,33,25,32.5,5.3,12.9,0.412,0.1,0.9,0.129,5.2,12,0.434,0.417,1.7,2.6,0.632,1.4,3,4.4,7.4,3.1,0.3,4.2,3.8,12.5
230,Micheal Ray Richardson\richami01,PG,27,NJN,31,26,32.3,5.5,12.5,0.438,0.1,0.6,0.2,5.4,11.9,0.451,0.443,1.6,2.5,0.671,2.2,2.6,4.8,6,2.6,0.5,3.5,3.7,12.7
231,Rick Robey\robeyri01,C,27,BOS,59,6,14.5,1.7,3.6,0.467,0,0,,1.7,3.6,0.467,0.467,0.8,1.3,0.577,1.3,2.4,3.7,1.1,0.2,0.1,1.2,2.2,4.2
232,Cliff Robinson\robincl01,PF,22,CLE,77,75,33.8,7.6,16,0.477,0,0.1,0,7.6,15.9,0.479,0.477,2.8,3.9,0.708,2.5,8.6,11.1,1.9,0.8,0.8,2.9,3.5,18
233,Oliver Robinson\robinol01,SG,22,SAS,35,0,4.2,1,2.8,0.361,0,0.3,0.091,1,2.5,0.395,0.366,0.9,1.3,0.667,0.2,0.3,0.5,0.6,0.1,0.1,0.4,0.5,2.9
234,Truck Robinson\robintr01,PF,31,NYK,81,76,30,4,8.7,0.462,0,0,,4,8.7,0.462,0.462,1.5,2.5,0.587,2.5,5.7,8.1,1.8,0.7,0.3,2.3,3,9.5
235,Dave Robisch\robisda01,C,33,DEN,61,0,11.7,1.6,4.1,0.382,0,0,0,1.6,4.1,0.384,0.382,1.5,1.9,0.78,0.6,1.9,2.5,0.9,0.2,0.1,0.7,1,4.7
236,Tree Rollins\rollitr01,C,27,ATL,80,80,30.9,3.3,6.4,0.51,0,0,0,3.3,6.4,0.511,0.51,1.2,1.7,0.726,2.6,6.7,9.3,0.9,0.6,4.3,1.2,3.7,7.8
237,Lorenzo Romar\romarlo01,PG,24,GSW,82,64,26,3.2,7,0.465,0.1,0.4,0.303,3.1,6.6,0.475,0.474,1,1.3,0.743,0.3,1.4,1.7,5.5,1.2,0.1,1.7,1.7,7.6
238,Dan Roundfield\roundda01,PF,29,ATL,77,76,36.5,7.3,15.5,0.47,0.1,0.4,0.185,7.2,15.1,0.477,0.472,4.4,5.8,0.749,3.4,8.1,11.4,2.9,0.8,1.5,3.2,3.1,19
239,Jeff Ruland\rulanje01,C,24,WSB,79,47,36.2,7.3,13.3,0.552,0,0,0.333,7.3,13.3,0.552,0.552,4.7,6.9,0.689,3.7,7.3,11,3,0.9,1,3.8,3.9,19.4
240,Walker Russell\russewa01,PG,22,DET,68,1,11.1,1,2.7,0.364,0,0.3,0.111,1,2.4,0.392,0.37,0.7,0.9,0.81,0.3,0.8,1.1,1.9,0.2,0,1.4,1,2.7
241,Mike Sanders\sandemi01,SF,22,SAS,26,0,15.1,2.9,6,0.484,0,0.1,0,2.9,6,0.49,0.484,1.2,1.7,0.721,1.2,2.4,3.6,0.7,0.7,0.2,1.1,2.2,7
242,Danny Schayes\schayda01,C,23,TOT,82,50,27.9,4.2,9.1,0.457,0,0,0,4.2,9.1,0.457,0.457,2.8,3.6,0.773,2.4,5.3,7.7,2.5,0.7,1.2,3.1,4,11.1
242,Danny Schayes\schayda01,C,23,UTA,50,50,32.8,4.6,10.3,0.449,0,0,0,4.6,10.3,0.45,0.449,3.1,3.9,0.805,2.7,6.2,9,3.3,0.8,1.4,3.9,4.3,12.4
242,Danny Schayes\schayda01,C,23,DEN,32,0,20.2,3.5,7.3,0.472,0,0,,3.5,7.3,0.472,0.472,2.2,3.1,0.71,2,3.8,5.8,1.3,0.5,0.9,1.8,3.4,9.2
243,Russ Schoene\schoeru01,PF,22,TOT,77,7,15.9,2.7,5.6,0.476,0,0.1,0.25,2.7,5.6,0.478,0.477,0.8,1.1,0.735,1.2,2.1,3.3,0.8,0.3,0.3,1.1,2.5,6.2
243,Russ Schoene\schoeru01,PF,22,PHI,46,2,15.3,2.3,4.5,0.512,0,0,0,2.3,4.5,0.515,0.512,0.5,0.6,0.75,1.1,2.2,3.3,0.7,0.3,0.2,1,2.6,5.1
243,Russ Schoene\schoeru01,PF,22,IND,31,5,16.8,3.3,7.4,0.443,0,0.1,0.333,3.2,7.3,0.444,0.445,1.3,1.8,0.727,1.4,1.8,3.3,0.9,0.4,0.5,1.1,2.4,7.8
244,Alvin Scott\scottal01,SF,27,PHO,81,9,14.1,1.5,3.2,0.479,0,0,0,1.5,3.2,0.482,0.479,1,1.4,0.736,0.7,2,2.8,1.2,0.6,0.4,0.8,1.6,4.1
245,Lonnie Shelton\sheltlo01,PF,27,SEA,82,79,31.4,5.3,11.2,0.478,0,0.1,0.167,5.3,11.1,0.48,0.478,1.7,2.3,0.754,1.9,4.1,6,2.9,0.9,0.9,2.1,3.8,12.4
246,Ed Sherod\sheroed01,PG,23,NYK,64,37,25.4,2.7,6.6,0.406,0,0.2,0.077,2.7,6.4,0.417,0.407,0.8,1.3,0.65,0.7,1.7,2.3,4.9,1.5,0.2,1.6,1.8,6.2
247,Purvis Short\shortpu01,SF,25,GSW,67,57,35.8,8.8,18,0.487,0.1,0.2,0.267,8.7,17.8,0.49,0.489,3.8,4.6,0.828,2.2,3.1,5.3,3.4,1.4,0.2,2.9,3.6,21.4
248,Jerry Sichting\sichtje01,PG,26,IND,78,58,31.2,4.1,8.5,0.478,0,0.2,0.167,4,8.2,0.487,0.48,1.2,1.4,0.86,0.4,1.6,2,5.6,1.3,0,1.8,2.4,9.3
249,Jack Sikma*\sikmaja01,C,27,SEA,75,71,34.2,6.5,13.9,0.464,0,0.1,0,6.5,13.8,0.468,0.464,5.3,6.4,0.837,2.8,8.6,11.4,3.1,1.2,0.9,2.5,3.5,18.2
250,Jose Slaughter\slaugjo01,SG,22,IND,63,1,8.2,1.4,3.8,0.374,0.1,0.7,0.22,1.3,3.1,0.406,0.393,0.6,0.9,0.644,0.5,0.5,1.1,0.8,0.6,0.1,0.7,1.5,3.6
251,Derek Smith\smithde02,SF,21,GSW,27,0,5.7,0.8,1.9,0.412,0,0.1,0,0.8,1.8,0.429,0.412,0.6,0.9,0.68,0.4,1,1.4,0.1,0,0.1,0.4,1.5,2.2
252,Jim Smith\smithji01,PF,24,DET,4,0,4.5,0.8,1,0.75,0,0,,0.8,1,0.75,0.75,0.5,1,0.5,0,1.3,1.3,0,0,0,0,1,2
253,Larry Smith\smithla01,PF,25,GSW,49,41,29.2,3.7,6.2,0.588,0,0,,3.7,6.2,0.588,0.588,1.1,2,0.535,4.3,5.6,9.9,0.9,0.7,0.4,1.7,3.8,8.4
254,Phil Smith\smithph01,SG,30,SEA,79,17,15.7,2.2,5.1,0.438,0,0.1,0.375,2.2,5,0.439,0.441,1.3,1.7,0.759,0.3,1.3,1.6,2.7,0.6,0.1,1.3,1.4,5.7
255,Randy Smith\smithra01,SG,34,TOT,80,16,17.6,3.4,7.1,0.483,0,0.2,0.167,3.4,6.8,0.494,0.486,1.4,1.6,0.87,0.5,0.7,1.2,2.6,0.7,0,1.2,1.7,8.3
255,Randy Smith\smithra01,SG,34,SDC,65,16,19.4,3.8,7.7,0.489,0,0.2,0.188,3.7,7.4,0.499,0.492,1.6,1.8,0.863,0.5,0.8,1.4,3,0.8,0,1.4,1.9,9.1
255,Randy Smith\smithra01,SG,34,ATL,15,0,9.5,1.9,4.4,0.439,0,0.1,0,1.9,4.3,0.453,0.439,0.9,0.9,0.929,0.1,0.4,0.5,0.9,0.1,0,0.6,1.1,4.7
256,Robert Smith\smithro01,PG,27,TOT,12,0,5.7,0.6,2,0.292,0,0.2,0,0.6,1.8,0.318,0.292,0.8,0.8,0.9,0.1,0.4,0.5,0.7,0.4,0,0.5,1.1,1.9
256,Robert Smith\smithro01,PG,27,SDC,5,0,8.6,0.4,2.6,0.154,0,0.2,0,0.4,2.4,0.167,0.154,1.4,1.6,0.875,0.2,0.4,0.6,1.2,0.8,0,0.6,1.4,2.2
256,Robert Smith\smithro01,PG,27,SAS,7,0,3.6,0.7,1.6,0.455,0,0.1,0,0.7,1.4,0.5,0.455,0.3,0.3,1,0,0.4,0.4,0.3,0.1,0,0.4,0.9,1.7
257,Ricky Sobers\soberri01,SG,30,WSB,41,39,35.1,5.7,13,0.438,0.6,1.3,0.418,5.1,11.7,0.441,0.46,3.8,4.5,0.832,0.9,1.6,2.5,5.3,1.5,0.3,3.6,3.9,15.7
258,Jim Spanarkel\spanaji01,SG,25,DAL,48,4,15,1.9,4.1,0.462,0,0.2,0.2,1.9,3.9,0.476,0.467,1.8,2.4,0.779,0.6,1.2,1.8,1.6,0.6,0.1,1.1,1.2,5.7
259,Rory Sparrow\sparrro01,PG,24,TOT,81,58,30,4.8,10,0.484,0.1,0.3,0.227,4.8,9.7,0.491,0.487,1.8,2.5,0.739,0.8,2.1,2.8,4.9,1.3,0.1,2.4,3.1,11.6
259,Rory Sparrow\sparrro01,PG,24,ATL,49,49,31.6,5.4,10.4,0.516,0.1,0.3,0.2,5.3,10.1,0.525,0.519,1.7,2.3,0.743,0.8,2.1,2.9,4.9,1.4,0,2.6,3.3,12.6
259,Rory Sparrow\sparrro01,PG,24,NYK,32,9,27.5,4,9.3,0.43,0.1,0.2,0.286,3.9,9.1,0.433,0.433,2,2.7,0.733,0.7,2.1,2.8,5,1.2,0.1,2.2,2.9,10
260,Larry Spriggs\sprigla01,SF,23,CHI,9,0,4.3,0.9,2.2,0.4,0,0,,0.9,2.2,0.4,0.4,0.6,0.8,0.714,0.2,0.8,1,0.3,0.1,0.2,0.2,0.3,2.3
261,Brook Steppe\steppbr01,SG,23,KCK,62,6,9.8,1.4,2.8,0.477,0,0.1,0.143,1.3,2.7,0.491,0.48,1.2,1.6,0.76,0.4,0.8,1.2,1.1,0.4,0,0.9,1.5,4
262,Jeff Taylor\tayloje01,SG,23,HOU,44,5,17.6,1.5,3.6,0.4,0,0,0,1.5,3.6,0.403,0.4,0.7,1,0.652,0.6,1.2,1.8,2.5,0.9,0.3,1.4,1.9,3.6
263,Vince Taylor\taylovi01,SG,22,NYK,31,0,10.4,1.2,3.3,0.363,0,0,,1.2,3.3,0.363,0.363,0.7,1,0.656,0.6,0.5,1.2,1.3,0.6,0.1,1,1.7,3.1
264,Terry Teagle\teaglte01,SG,22,HOU,73,44,23.4,4.5,10.6,0.428,0.1,0.4,0.345,4.4,10.2,0.431,0.434,1.2,1.7,0.696,1,1.6,2.7,2.1,0.7,0.2,1.9,2.3,10.4
265,Carlos Terry\terryca01,SG,26,WSB,55,3,9.3,0.7,1.9,0.368,0,0,0,0.7,1.9,0.375,0.368,0.2,0.3,0.667,0.5,1.3,1.8,0.8,0.4,0.2,0.4,1.4,1.6
266,Reggie Theus\theusre01,PG,25,CHI,82,81,34.8,9.1,19.1,0.478,0.3,1.1,0.231,8.9,18,0.493,0.485,5.3,6.6,0.801,1.1,2.5,3.7,5.9,1.7,0.2,3.9,3.4,23.8
267,David Thirdkill\thirdda01,SF,22,PHO,49,2,10.6,1.5,3.5,0.435,0,0.1,0.143,1.5,3.3,0.448,0.438,0.9,1.6,0.577,0.6,0.9,1.5,0.7,0.4,0.1,1,1.9,4
268,Isiah Thomas*\thomais01,PG,21,DET,81,81,38.2,9,19,0.472,0.4,1.5,0.288,8.5,17.4,0.488,0.483,4.5,6.4,0.71,1.3,2.8,4,7.8,2.5,0.4,4,3.9,22.9
269,Corny Thompson\thompco01,PF,22,DAL,44,2,11.8,1,3.1,0.314,0,0,,1,3.1,0.314,0.314,0.8,1,0.783,0.9,1.8,2.7,0.8,0.3,0.2,0.7,2.1,2.8
270,David Thompson*\thompda01,SG,28,SEA,75,64,28.7,5.9,12.3,0.481,0,0.1,0.2,5.9,12.2,0.484,0.482,4,5.1,0.784,1.3,2.3,3.6,3,0.6,0.4,2.2,1.9,15.9
271,LaSalle Thompson\thompla01,C,21,KCK,71,3,13.9,2.1,4,0.512,0,0,0,2.1,4,0.514,0.512,1.3,1.9,0.65,1.9,3.4,5.3,0.5,0.6,0.9,1.4,2.6,5.4
272,Mychal Thompson\thompmy01,C,28,POR,80,80,37.7,6.3,12.9,0.489,0,0,0,6.3,12.9,0.489,0.489,3.1,5,0.621,2.3,7.1,9.4,4.8,0.9,1.4,3.5,2.7,15.7
273,Darren Tillis\tillida01,C,22,TOT,52,4,10.1,1.5,3.5,0.42,0,0,0,1.5,3.5,0.422,0.42,0.3,0.5,0.571,0.8,1.7,2.5,0.3,0.2,0.6,0.4,1.5,3.2
273,Darren Tillis\tillida01,C,22,BOS,15,0,2.9,0.5,1.5,0.304,0,0.1,0,0.5,1.5,0.318,0.304,0.1,0.4,0.333,0.3,0.3,0.6,0.1,0,0.1,0.3,0.5,1.1
273,Darren Tillis\tillida01,C,22,CLE,37,4,13,1.9,4.3,0.437,0,0,,1.9,4.3,0.437,0.437,0.4,0.6,0.636,1,2.3,3.3,0.4,0.2,0.8,0.5,1.8,4.1
274,Ray Tolbert\tolbera01,PF,24,TOT,73,2,15.2,2.2,4.3,0.5,0,0,0,2.2,4.3,0.505,0.5,0.7,1.4,0.505,1,2.3,3.3,0.7,0.4,0.6,1.1,2.1,5
274,Ray Tolbert\tolbera01,PF,24,SEA,45,2,15.8,2.2,4.2,0.526,0,0,0,2.2,4.2,0.532,0.526,0.5,1,0.545,1,2.3,3.4,0.7,0.4,0.5,1.1,2.2,5
274,Ray Tolbert\tolbera01,PF,24,DET,28,0,14.1,2,4.4,0.46,0,0,0,2,4.4,0.463,0.46,1,2.1,0.475,0.9,2.3,3.3,0.7,0.4,0.8,1.1,2,5.1
275,Andrew Toney\toneyan01,SG,25,PHI,81,81,30.5,7.7,15.4,0.501,0.3,0.9,0.289,7.5,14.5,0.514,0.51,4,5.1,0.788,0.5,2.3,2.8,4.5,1,0.2,3.3,3.1,19.7
276,Linton Townes\towneli01,SF,23,POR,55,0,9.4,1.9,4.3,0.449,0.2,0.5,0.36,1.7,3.8,0.459,0.468,0.5,0.7,0.737,0.5,0.6,1.2,0.6,0.3,0.1,0.6,1.5,4.5
277,Kelly Tripucka\tripuke01,SF,23,DET,58,58,38.8,9.7,19.9,0.489,0.2,0.6,0.378,9.5,19.3,0.492,0.495,6.8,8,0.845,2.2,2.4,4.6,4.1,1.2,0.3,3.2,2.7,26.5
278,Trent Tucker\tucketr01,SG,23,NYK,78,59,23.5,3.8,8.3,0.462,0.2,0.4,0.467,3.7,7.9,0.462,0.473,0.6,0.8,0.672,1,1.8,2.8,2.5,0.7,0.1,0.9,3,8.4
279,Elston Turner\turneel01,SF,23,DAL,59,16,14.9,1.6,4,0.403,0,0.1,0.667,1.6,4,0.4,0.408,0.3,0.5,0.667,1.2,1.4,2.6,1.5,0.8,0,1,1.3,3.6
280,Terry Tyler\tylerte01,SF,26,DET,82,56,31,5.1,10.7,0.478,0,0.2,0.133,5.1,10.5,0.484,0.48,1.8,2.4,0.745,2.2,4.4,6.6,1.9,1.3,2,1.5,2.7,12.1
281,Darnell Valentine\valenda01,PG,23,POR,47,36,27.6,4.4,9.8,0.454,0,0,0,4.4,9.8,0.455,0.454,3.6,4.5,0.793,0.7,1.8,2.5,6.2,2.1,0.1,2.8,3,12.5
282,Jan van Breda Kolff\vanbrja01,SF,31,NJN,13,0,4.8,0.4,1.1,0.357,0,0,,0.4,1.1,0.357,0.357,0.4,0.5,0.833,0.2,0.8,1,0.4,0.2,0.2,0.2,0.7,1.2
283,Kiki Vandeweghe\vandeki01,PF,24,DEN,82,79,35.5,10.3,18.7,0.547,0.2,0.6,0.294,10.1,18.1,0.556,0.552,6,6.8,0.875,1.5,3.8,5.3,2.5,0.8,0.5,2.2,2.4,26.7
284,Pete Verhoeven\verhope01,PF,23,POR,48,0,11,1.8,3.6,0.509,0,0,0,1.8,3.5,0.512,0.509,0.4,0.6,0.677,0.9,1.1,2,0.7,0.4,0.2,0.8,2,4.1
285,Jay Vincent\vinceja01,PF,23,DAL,81,73,33.7,7.7,15.7,0.489,0,0,0,7.7,15.7,0.49,0.489,3.3,4.2,0.784,2.7,4.6,7.3,2.6,0.9,0.6,2.3,3.6,18.7
286,Danny Vranes\vraneda01,SF,24,SEA,82,73,25,2.8,5.2,0.527,0,0,0,2.8,5.2,0.528,0.527,1.4,2.5,0.55,2.2,3,5.2,1.5,0.6,0.6,1.2,3.1,6.9
287,Foots Walker\walkefo01,PG,31,NJN,79,10,17.6,1.4,3.2,0.456,0,0.2,0.167,1.4,3,0.471,0.46,1.5,1.9,0.779,0.4,1.3,1.7,3.3,1,0,1.3,1.7,4.4
288,Wally Walker\walkewa01,SF,28,HOU,82,59,27.5,4.4,9.8,0.449,0,0,0.25,4.4,9.8,0.45,0.45,0.9,1.4,0.621,1.7,2.9,4.5,2.4,0.5,0.3,1.8,2.5,9.7
289,Bill Walton*\waltobi01,C,30,SDC,33,32,33.3,6.1,11.5,0.528,0,0,,6.1,11.5,0.528,0.528,2,3.5,0.556,2.3,7.5,9.8,3.6,1,3.6,3.2,3.4,14.1
290,Bryan Warrick\warribr01,PG,23,WSB,43,20,16.9,1.5,4,0.38,0,0.1,0,1.5,3.9,0.392,0.38,1,1.3,0.737,0.3,1.3,1.6,2.9,0.5,0.2,1.7,2.4,4
291,Marvin Webster\webstma01,C,30,NYK,82,0,18,2,4,0.508,0,0,0,2,4,0.509,0.508,1.3,2.2,0.589,2.1,3.3,5.4,0.6,0.4,1.6,1.2,2.6,5.4
292,Scott Wedman\wedmasc01,SF,30,TOT,75,35,23.9,5,10.5,0.475,0.1,0.4,0.313,4.9,10.1,0.481,0.481,1.1,1.4,0.794,1.3,2.5,3.8,1.6,0.6,0.2,1.7,3,11.2
292,Scott Wedman\wedmasc01,SF,30,CLE,35,35,36.9,8,16.7,0.48,0.3,0.6,0.409,7.7,16,0.483,0.488,1.9,2.2,0.844,2,4,5.9,2.5,0.7,0.3,2.7,4.1,18.1
292,Scott Wedman\wedmasc01,SF,30,BOS,40,0,12.6,2.4,5.1,0.459,0,0.3,0.1,2.3,4.9,0.477,0.461,0.5,0.8,0.667,0.7,1.1,1.9,0.8,0.5,0.2,0.8,2.1,5.2
293,Paul Westphal*\westppa01,SG,32,NYK,80,59,24.7,4,8.7,0.459,0.2,0.6,0.292,3.8,8.1,0.471,0.469,1.9,2.3,0.804,0.2,1.2,1.4,5.5,1.1,0.2,2.5,2.3,10
294,Rory White\whitero01,SF,23,PHO,65,0,9.6,2,3.6,0.543,0,0,0,2,3.6,0.545,0.543,1.1,1.7,0.642,0.7,0.9,1.6,0.5,0.2,0,0.8,0.8,5
295,Jerome Whitehead\whiteje01,C,26,SDC,46,23,19.7,3.6,6.7,0.536,0,0,,3.6,6.7,0.536,0.536,1.6,1.9,0.828,2.3,3.4,5.7,0.9,0.5,0.3,1.4,3,8.7
296,Bob Wilkerson\wilkebo01,SF,28,CLE,77,11,22.1,2.8,6.6,0.417,0,0.1,0,2.8,6.6,0.42,0.417,1.2,1.6,0.75,0.8,2.3,3.1,2.5,0.9,0.2,2.1,2,6.7
297,Jamaal Wilkes*\wilkeja01,SF,29,LAL,80,80,31.9,8.6,16.1,0.53,0,0.1,0,8.6,16.1,0.533,0.53,2.5,3.4,0.757,1.8,2.5,4.3,2.3,0.8,0.2,1.9,2.8,19.6
298,James Wilkes\wilkeja02,SF,24,DET,9,0,14.3,1.2,3.8,0.324,0,0.1,0,1.2,3.7,0.333,0.324,1.3,1.7,0.8,1,1.1,2.1,1.1,0.3,0.1,0.6,2.4,3.8
299,Dominique Wilkins*\wilkido01,SF,23,ATL,82,82,32.9,7.3,14.9,0.493,0,0.1,0.182,7.3,14.7,0.495,0.493,2.8,4.1,0.682,2.8,3.1,5.8,1.6,1,0.8,2.2,2.6,17.5
300,Jeff Wilkins\wilkije01,C,27,UTA,81,34,28.5,4.8,10.1,0.477,0,0,0,4.8,10,0.478,0.477,1.9,2.5,0.78,1.9,5.5,7.4,1.6,0.5,0.5,2.3,3.1,11.5
301,Buck Williams\willibu01,PF,22,NJN,82,82,36.1,6.5,11.1,0.588,0,0,0,6.5,11.1,0.59,0.588,4,6.4,0.62,4.5,8.1,12.5,1.5,1.1,1.3,3,3.3,17
302,Freeman Williams\willifr01,SG,26,UTA,18,3,11.7,2,5.6,0.356,0.1,0.4,0.286,1.9,5.2,0.362,0.366,1,1.4,0.72,0.2,0.8,0.9,0.6,0.3,0.1,0.7,1.7,5.1
303,Gus Williams\willigu01,PG,29,SEA,80,80,34.5,8.3,17.3,0.477,0,0.5,0.047,8.2,16.8,0.491,0.478,3.5,4.6,0.751,0.9,1.7,2.6,8,2.3,0.3,2.9,1.5,20
304,Herb Williams\willihe01,C,24,IND,78,74,32.2,7.4,14.9,0.499,0,0.1,0,7.4,14.8,0.502,0.499,2,2.8,0.705,1.9,5.5,7.5,3.4,0.7,2.2,2.9,2.9,16.9
305,Ray Williams\willira01,PG,28,KCK,72,68,30.1,5.8,14.8,0.392,0.2,1,0.203,5.6,13.8,0.406,0.399,3.6,4.6,0.769,1.3,3.3,4.5,7.9,1.7,0.4,4.7,3.4,15.4
306,Rickey Williams\williri01,SG,25,UTA,44,0,7.9,1.3,3.1,0.415,0,0.1,0,1.3,3,0.424,0.415,0.8,1.2,0.66,0.3,0.5,0.9,0.8,0.5,0.1,0.9,1,3.3
307,Rob Williams\williro02,PG,21,DEN,74,33,19.5,2.6,6.3,0.408,0,0.2,0.133,2.6,6.1,0.417,0.41,1.8,2.4,0.753,0.5,1.3,1.8,4.9,1.2,0.2,2.5,3,7
308,Sam Williams\willisa02,PF,23,GSW,75,28,20.4,3.4,6.4,0.526,0,0,0,3.4,6.4,0.527,0.526,1.6,2.3,0.719,2,3.2,5.2,0.6,0.9,1.2,1.3,3.3,8.4
309,Sly Williams\willisl01,PF,25,NYK,68,6,20.4,4.6,9.5,0.485,0,0.3,0.105,4.6,9.2,0.497,0.487,2.6,3.8,0.68,1.4,2.9,4.3,2,1.1,0,2,2.4,11.9
310,Bill Willoughby\willobi01,SF,25,TOT,62,0,18.5,2.4,5.2,0.454,0.1,0.2,0.429,2.3,5,0.455,0.463,0.7,0.9,0.782,1,2.2,3.2,1,0.4,0.3,1,2.2,5.5
310,Bill Willoughby\willobi01,SF,25,SAS,52,0,20.4,2.6,5.7,0.461,0.1,0.3,0.462,2.5,5.4,0.461,0.471,0.8,1,0.774,1.2,2.5,3.7,1.1,0.5,0.3,1.1,2.4,6.1
310,Bill Willoughby\willobi01,SF,25,NJN,10,0,8.4,1.1,2.9,0.379,0,0.1,0,1.1,2.8,0.393,0.379,0.2,0.2,1,0.2,0.9,1.1,0.8,0.1,0.1,0.5,1.6,2.4
311,Brian Winters\wintebr01,SG,30,MIL,57,12,23.9,4.5,10.3,0.434,0.4,1.2,0.324,4.1,9.1,0.449,0.453,1.3,1.5,0.859,0.6,1.3,1.9,2.7,0.8,0.1,1.4,2.3,10.6
312,Al Wood\woodal01,SF,24,SDC,76,47,24,4.5,9.7,0.464,0.2,0.7,0.3,4.3,9.1,0.475,0.474,1.6,2.1,0.77,1.3,1.8,3.1,1.8,0.7,0.5,1.5,2.5,10.9
313,Mike Woodson\woodsmi01,SG,24,KCK,81,3,30,7.2,14.2,0.506,0.1,0.4,0.212,7.1,13.8,0.515,0.509,3.7,4.7,0.79,1,2,3.1,3.1,1.7,0.7,2.1,2.5,18.2
314,Orlando Woolridge\woolror01,SF,23,CHI,57,38,28.5,6.3,10.9,0.58,0,0.1,0,6.3,10.9,0.583,0.58,3.8,6,0.638,2.1,3.1,5.2,1.7,0.7,0.8,2.8,3.1,16.5
315,James Worthy*\worthja01,SF,21,LAL,77,1,25.6,5.8,10,0.579,0,0.1,0.25,5.8,10,0.581,0.58,1.8,2.9,0.624,2,3.1,5.2,1.7,1.2,0.8,2.3,2.9,13.4
316,Jim Zoet\zoetji01,C,29,DET,7,0,4.3,0.1,0.7,0.2,0,0,,0.1,0.7,0.2,0.2,0,0,,0.4,0.7,1.1,0.1,0.1,0.4,0.6,1.3,0.3
